Content,EventTemplate,Dataset,Category,Unseen_LLAMA_FT_Mac_1,Inference_time_1
"ARPT: 620896.311264: wl0: MDNS: 0 SRV Recs, 0 TXT Recs","ARPT: <*>: wl0: MDNS: <*> SRV Recs, <*> TXT Recs",Mac,Unseen,"ARPT: <*>: wl0: MDNS: <*> SRV Recs, <*> TXT Recs",1.5092029571533203
[09:21:58.929] <<<< CRABS >>>> crabsFlumeHostAvailable: [0x7f961cf08cf0] Byte flume reports host available again.,[<*>:<*>:<*>] <<<< CRABS >>>> crabsFlumeHostAvailable: [<*>] Byte flume reports host available again.,Mac,Unseen,[<*>:<*>:<*>] <<<< CRABS >>>> crabsFlumeHostAvailable: [0x<*>] Byte flume reports host available again.,2.3039231300354004
"network_reachability_changed : network is not reachable, netbiosd is shutting down","network_reachability_changed : network is not reachable, netbiosd is shutting down",Mac,Unseen,"network_reachability_changed : network is not reachable, netbiosd is shutting down",1.1808435916900635
AppleThunderboltNHIType2::waitForOk2Go2Sx - intel_rp = 1 dlla_reporting_supported = 0,<*>::<*> - intel_rp = <*> dlla_reporting_supported = <*>,Mac,Unseen,AppleThunderboltNHIType2::waitForOk2Go2Sx - intel_rp = <*> dlla_reporting_supported = <*>,1.7457549571990967
AppleCamIn::wakeEventHandlerThread,AppleCamIn::wakeEventHandlerThread,Mac,Unseen,AppleCamIn::wakeEventHandlerThread,0.5693037509918213
"SOSAccountThisDeviceCanSyncWithCircle sync with device failure: Error Domain=com.apple.security.sos.error Code=1035 ""Account identity not set"" UserInfo={NSDescription=Account identity not set}","SOSAccountThisDeviceCanSyncWithCircle sync with device failure: Error Domain=com.apple.security.sos.error Code=<*> ""Account identity not set"" UserInfo={NSDescription=Account identity not set}",Mac,Unseen,"SOSAccountThisDeviceCanSyncWithCircle sync with device failure: Error Domain=com.apple.security.sos.error Code=<*> ""Account identity not set"" UserInfo={NSDescription=Account identity not set}",2.690556764602661
"ARPT: 626126.086205: wl0: setup_keepalive: interval 900, retry_interval 30, retry_count 10","ARPT: <*>: wl0: setup_keepalive: interval <*>, retry_interval <*>, retry_count <*>",Mac,Unseen,"ARPT: <*>: wl0: setup_keepalive: interval <*>, retry_interval <*>, retry_count <*>",1.4545574188232422
__42-[NETClientConnection evaluateCrazyIvan46]_block_invoke CI46 - Hit by torpedo! QQ.10018 tc19060 125.39.133.143:14000,<*>-[NETClientConnection <*>]_block_invoke CI46 - Hit by torpedo! <*> <*> <*>:<*>,Mac,Unseen,__<*>-[NETClientConnection evaluateCrazyIvan<*>]_block_invoke CI<*> - Hit by torpedo! QQ.<*> tc<*> <*>:<*>,2.296704053878784
CCXPCService::setStreamEventHandler Registered for notification callback.,CCXPCService::setStreamEventHandler Registered for notification callback.,Mac,Unseen,CCXPCService::setStreamEventHandler Registered for notification callback.,0.9114713668823242
"SOSAccountThisDeviceCanSyncWithCircle sync with device failure: Error Domain=com.apple.security.sos.error Code=1035 ""Account identity not set"" UserInfo={NSDescription=Account identity not set}","SOSAccountThisDeviceCanSyncWithCircle sync with device failure: Error Domain=com.apple.security.sos.error Code=<*> ""Account identity not set"" UserInfo={NSDescription=Account identity not set}",Mac,Unseen,"SOSAccountThisDeviceCanSyncWithCircle sync with device failure: Error Domain=<*> Code=<*> ""Account identity not set"" UserInfo={NSDescription=Account identity not set}",2.3667101860046387
AppleCamIn::wakeEventHandlerThread,AppleCamIn::wakeEventHandlerThread,Mac,Unseen,AppleCamIn::wakeEventHandlerThread,0.5550117492675781
"ARPT: 626908.045241: wl0: setup_keepalive: interval 900, retry_interval 30, retry_count 10","ARPT: <*>: wl0: setup_keepalive: interval <*>, retry_interval <*>, retry_count <*>",Mac,Unseen,"ARPT: <*>: wl0: setup_keepalive: interval <*>, retry_interval <*>, retry_count <*>",1.4723401069641113
RTC: PowerByCalendarDate setting ignored,RTC: PowerByCalendarDate setting ignored,Mac,Unseen,RTC: PowerByCalendarDate setting ignored,0.6071538925170898
Location icon should now be in state 'Active',Location icon should now be in state 'Active',Mac,Unseen,Location icon should now be in state '<*>',0.7318058013916016
PMStats: Hibernate read took 197 ms,PMStats: Hibernate read took <*> ms,Mac,Unseen,PMStats: Hibernate read took <*>,0.5409450531005859
"SOSAccountThisDeviceCanSyncWithCircle sync with device failure: Error Domain=com.apple.security.sos.error Code=1035 ""Account identity not set"" UserInfo={NSDescription=Account identity not set}","SOSAccountThisDeviceCanSyncWithCircle sync with device failure: Error Domain=com.apple.security.sos.error Code=<*> ""Account identity not set"" UserInfo={NSDescription=Account identity not set}",Mac,Unseen,"SOSAccountThisDeviceCanSyncWithCircle sync with device failure: Error Domain=<*> Code=<*> ""<*>"" UserInfo={NSDescription=<*>}",1.9901700019836426
[com.apple.calendar.store.log.caldav.coredav] [Refusing to parse response to PROPPATCH because of content-type: [text/html; charset=UTF-8].],[com.apple.calendar.store.log.caldav.coredav] [Refusing to parse response to PROPPATCH because of content-type: [text/html; charset=UTF-<*>].],Mac,Unseen,[<*>] [Refusing to parse response to PROPPATCH because of content-type: [<*>].],1.5293586254119873
"NETWORK: requery, 0, 0, 0, 0, 250, items, fQueryRetries, 0, fLastRetryTimestamp, 520665636.6","NETWORK: requery, <*>, <*>, <*>, <*>, <*>, items, fQueryRetries, <*>, fLastRetryTimestamp, <*>",Mac,Unseen,"NETWORK: requery, <*>",0.4851036071777344
Wake reason: RTC (Alarm),Wake reason: RTC (Alarm),Mac,Unseen,Wake reason: RTC (Alarm),0.545419454574585
"NETWORK: requery, 0, 0, 0, 0, 250, items, fQueryRetries, 0, fLastRetryTimestamp, 520708962.7","NETWORK: requery, <*>, <*>, <*>, <*>, <*>, items, fQueryRetries, <*>, fLastRetryTimestamp, <*>",Mac,Unseen,"NETWORK: requery, <*>, <*>, <*>, <*>, <*>, items, fQueryRetries, <*>, fLastRetryTimestamp, <*>",1.9336979389190674
"ARPT: 645791.413780: IOPMPowerSource Information: onSleep,  SleepType: Normal Sleep,  'ExternalConnected': No, 'TimeRemaining': 156,","ARPT: <*>: IOPMPowerSource Information: onSleep, SleepType: Normal Sleep, 'ExternalConnected': No, 'TimeRemaining': <*>,",Mac,Unseen,"ARPT: <*>: IOPMPowerSource Information: onSleep, SleepType: Normal Sleep, 'ExternalConnected': No, 'TimeRemaining': <*>,",2.125197649002075
Captive: CNPluginHandler en0: Authenticated,Captive: CNPluginHandler en0: Authenticated,Mac,Unseen,Captive: CNPluginHandler en0: Authenticated,0.8040585517883301
Location icon should now be in state 'Active',Location icon should now be in state 'Active',Mac,Unseen,Location icon should now be in state '<*>',0.7366583347320557
"ARPT: 646292.668059: wl0: MDNS: 0 SRV Recs, 0 TXT Recs","ARPT: <*>: wl0: MDNS: <*> SRV Recs, <*> TXT Recs",Mac,Unseen,"ARPT: <*>: wl0: MDNS: <*> SRV Recs, <*> TXT Recs",1.384925365447998
Location icon should now be in state 'Active',Location icon should now be in state 'Active',Mac,Unseen,Location icon should now be in state '<*>,0.670539379119873
Location icon should now be in state 'Active',Location icon should now be in state 'Active',Mac,Unseen,Location icon should now be in state '<*>,0.6664507389068604
"SOSAccountThisDeviceCanSyncWithCircle sync with device failure: Error Domain=com.apple.security.sos.error Code=1035 ""Account identity not set"" UserInfo={NSDescription=Account identity not set}","SOSAccountThisDeviceCanSyncWithCircle sync with device failure: Error Domain=com.apple.security.sos.error Code=<*> ""Account identity not set"" UserInfo={NSDescription=Account identity not set}",Mac,Unseen,"SOSAccountThisDeviceCanSyncWithCircle sync with device failure: Error Domain=<*> Code=<*> ""<*>"" UserInfo={NSDescription=<*>}",2.0179882049560547
2017-07-02 15:46:41.445 ksfetch[32435/0x7fff79824000] [lvl=2] main() ksfetch fetching URL (<NSMutableURLRequest: 0x1005110b0> { URL: https://tools.google.com/service/update2?cup2hreq=53f725cf03f511fab16f19e789ce64aa1eed72395fc246e9f1100748325002f4&cup2key=7:1132320327 }) to folder:/tmp/KSOutOfProcessFetcher.YH2CjY1tnx/download,<*>-<*>-<*> <*>:<*>:<*> ksfetch[<*>/<*>] [lvl=<*>] main() ksfetch fetching URL (<NSMutableURLRequest: <*> { URL: <*> }) to folder:<*>,Mac,Unseen,<*>-<*>-<*> <*>:<*>:<*> ksfetch[<*>/<*>] [lvl=<*>] main() ksfetch fetching URL (<NSMutableURLRequest: <*>> { URL: https://tools.google.com/service/update2?cup2hreq=<*>>&cup2key=<*>}) to folder:<*>,4.276040315628052
Location icon should now be in state 'Active',Location icon should now be in state 'Active',Mac,Unseen,Location icon should now be in state '<*>',0.770684003829956
Location icon should now be in state 'Active',Location icon should now be in state 'Active',Mac,Unseen,Location icon should now be in state 'Active',0.7527992725372314
AppleThunderboltNHIType2::waitForOk2Go2Sx - intel_rp = 1 dlla_reporting_supported = 0,<*>::<*> - intel_rp = <*> dlla_reporting_supported = <*>,Mac,Unseen,AppleThunderboltNHIType2::waitForOk2Go2Sx - intel_rp = <*> dlla_reporting_supported = <*>,1.7311029434204102
CCXPCService::setStreamEventHandler Registered for notification callback.,CCXPCService::setStreamEventHandler Registered for notification callback.,Mac,Unseen,CCXPCService::setStreamEventHandler Registered for notification callback.,0.9278361797332764
"ARPT: 661856.313502: wl0: MDNS: 0 SRV Recs, 0 TXT Recs","ARPT: <*>: wl0: MDNS: <*> SRV Recs, <*> TXT Recs",Mac,Unseen,"ARPT: <*>: wl0: MDNS: <*> SRV Recs, <*> TXT Recs",1.4105701446533203
AppleThunderboltNHIType2::waitForOk2Go2Sx - intel_rp = 1 dlla_reporting_supported = 0,<*>::<*> - intel_rp = <*> dlla_reporting_supported = <*>,Mac,Unseen,AppleThunderboltNHIType2::waitForOk2Go2Sx - intel_rp = <*> dlla_reporting_supported = <*>,1.7175445556640625
AppleCamIn::wakeEventHandlerThread,AppleCamIn::wakeEventHandlerThread,Mac,Unseen,AppleCamIn::wakeEventHandlerThread,0.5579042434692383
Location icon should now be in state 'Active',Location icon should now be in state 'Active',Mac,Unseen,Location icon should now be in state '<*>',0.738400936126709
"PBRequester failed with Error Error Domain=NSURLErrorDomain Code=-1009 ""The Internet connection appears to be offline."" UserInfo={NSUnderlyingError=0x7fe13512cf70 {Error Domain=kCFErrorDomainCFNetwork Code=-1009 ""The Internet connection appears to be offline."" UserInfo={NSErrorFailingURLStringKey=https://gsp-ssl.ls.apple.com/dispatcher.arpc, NSErrorFailingURLKey=https://gsp-ssl.ls.apple.com/dispatcher.arpc, _kCFStreamErrorCodeKey=8, _kCFStreamErrorDomainKey=12, NSLocalizedDescription=The Internet connection appears to be offline.}}, NSErrorFailingURLStringKey=https://gsp-ssl.ls.apple.com/dispatcher.arpc, NSErrorFailingURLKey=https://gsp-ssl.ls.apple.com/dispatcher.arpc, _kCFStreamErrorDomainKey=12, _kCFStreamErrorCodeKey=8, NSLocalizedDescription=The Internet connection appears to be offline.}","PBRequester failed with Error Error Domain=NSURLErrorDomain Code=<*> ""The Internet connection appears to be offline."" UserInfo={NSUnderlyingError=<*> {Error Domain=kCFErrorDomainCFNetwork Code=<*> ""The Internet connection appears to be offline."" UserInfo={NSErrorFailingURLStringKey=<*>, NSErrorFailingURLKey=<*>, _kCFStreamErrorCodeKey=<*>, _kCFStreamErrorDomainKey=<*>, NSLocalizedDescription=The Internet connection appears to be offline.}}, NSErrorFailingURLStringKey=<*>, NSErrorFailingURLKey=<*>, _kCFStreamErrorDomainKey=<*>, _kCFStreamErrorCodeKey=<*>, NSLocalizedDescription=The Internet connection appears to be offline.}",Mac,Unseen,,7.510337829589844
Location icon should now be in state 'Active',Location icon should now be in state 'Active',Mac,Unseen,Location icon should now be in state '<*>,0.6764380931854248
"SOSAccountThisDeviceCanSyncWithCircle sync with device failure: Error Domain=com.apple.security.sos.error Code=1035 ""Account identity not set"" UserInfo={NSDescription=Account identity not set}","SOSAccountThisDeviceCanSyncWithCircle sync with device failure: Error Domain=com.apple.security.sos.error Code=<*> ""Account identity not set"" UserInfo={NSDescription=Account identity not set}",Mac,Unseen,"SOSAccountThisDeviceCanSyncWithCircle sync with device failure: Error Domain=<*> Code=<*> ""<*> Account identity not set"" UserInfo={NSDescription=<*> Account identity not set}",2.5130648612976074
"Configuration Notice: ASL Module ""com.apple.performance"" claims selected messages. Those messages may not appear in standard system log files or in the ASL database.","Configuration Notice: ASL Module ""<*>"" claims selected messages. Those messages may not appear in standard system log files or in the ASL database.",Mac,Unseen,"Configuration Notice: ASL Module ""<*>"" claims selected messages. Those messages may not appear in standard system log files or in the ASL database.",1.9819526672363281
"ARPT: 671856.784669: IOPMPowerSource Information: onSleep,  SleepType: Normal Sleep,  'ExternalConnected': No, 'TimeRemaining': 18011,","ARPT: <*>: IOPMPowerSource Information: onSleep, SleepType: Normal Sleep, 'ExternalConnected': No, 'TimeRemaining': <*>,",Mac,Unseen,"ARPT: <*>: IOPMPowerSource Information: onSleep, SleepType: Normal Sleep, 'ExternalConnected': No, 'TimeRemaining': <*>",2.105645179748535
"ARPT: 672041.595629: wl0: setup_keepalive: interval 258, retry_interval 30, retry_count 10","ARPT: <*>: wl0: setup_keepalive: interval <*>, retry_interval <*>, retry_count <*>",Mac,Unseen,"ARPT: <*>: wl0: setup_keepalive: interval <*>, retry_interval <*>, retry_count <*>",1.4960711002349854
"ARPT: 672113.005012: wl0: setup_keepalive: interval 258, retry_interval 30, retry_count 10","ARPT: <*>: wl0: setup_keepalive: interval <*>, retry_interval <*>, retry_count <*>",Mac,Unseen,"ARPT: <*>: wl0: setup_keepalive: interval <*>, retry_interval <*>, retry_count <*>",1.4866492748260498
AppleCamIn::wakeEventHandlerThread,AppleCamIn::wakeEventHandlerThread,Mac,Unseen,AppleCamIn::wakeEventHandlerThread,0.5664980411529541
"NETWORK: requery, 0, 0, 0, 0, 252, items, fQueryRetries, 0, fLastRetryTimestamp, 520765684.9","NETWORK: requery, <*>, <*>, <*>, <*>, <*>, items, fQueryRetries, <*>, fLastRetryTimestamp, <*>",Mac,Unseen,"NETWORK: requery, <*>",0.5020363330841064
AppleCamIn::wakeEventHandlerThread,AppleCamIn::wakeEventHandlerThread,Mac,Unseen,AppleCamIn::wakeEventHandlerThread,0.5651893615722656
RTC: PowerByCalendarDate setting ignored,RTC: PowerByCalendarDate setting ignored,Mac,Unseen,RTC: PowerByCalendarDate setting ignored,0.6171224117279053
"ARPT: 672922.026642: wl0: MDNS: 0 SRV Recs, 0 TXT Recs","ARPT: <*>: wl0: MDNS: <*> SRV Recs, <*> TXT Recs",Mac,Unseen,"ARPT: <*>: wl0: MDNS: <*> SRV Recs, <*> TXT Recs",1.4429972171783447
"NETWORK: requery, 0, 0, 0, 0, 252, items, fQueryRetries, 0, fLastRetryTimestamp, 520783088.4","NETWORK: requery, <*>, <*>, <*>, <*>, <*>, items, fQueryRetries, <*>, fLastRetryTimestamp, <*>",Mac,Unseen,"NETWORK: requery, <*>, <*>, <*>, <*>, <*>, items, fQueryRetries, <*>, fLastRetryTimestamp, <*>",2.0361251831054688
"ARPT: 673399.580233: IOPMPowerSource Information: onSleep,  SleepType: Normal Sleep,  'ExternalConnected': No, 'TimeRemaining': 13027,","ARPT: <*>: IOPMPowerSource Information: onSleep, SleepType: Normal Sleep, 'ExternalConnected': No, 'TimeRemaining': <*>,",Mac,Unseen,"ARPT: <*>: IOPMPowerSource Information: onSleep, SleepType: Normal Sleep, 'ExternalConnected': No, 'TimeRemaining': <*>,",2.1432666778564453
"ARPT: 673493.721766: wl0: MDNS: 0 SRV Recs, 0 TXT Recs","ARPT: <*>: wl0: MDNS: <*> SRV Recs, <*> TXT Recs",Mac,Unseen,"ARPT: <*>: wl0: MDNS: <*> SRV Recs, <*> TXT Recs",1.427966833114624
AppleCamIn::wakeEventHandlerThread,AppleCamIn::wakeEventHandlerThread,Mac,Unseen,AppleCamIn::wakeEventHandlerThread,0.5633563995361328
[11:31:49.593] itemasync_CopyProperty signalled err=-12785 (kFigBaseObjectError_Invalidated) (invalidated) at /Library/Caches/com.apple.xbs/Sources/CoreMedia/CoreMedia-1731.15.207/Prototypes/Player/FigPlayer_Async.c line 2092,[<*>:<*>:<*>] itemasync_CopyProperty signalled err=<*> (kFigBaseObjectError_Invalidated) (invalidated) at <*> line <*>,Mac,Unseen,[<*>:<*>:<*>] itemasync_CopyProperty signalled err=<*> (kFigBaseObjectError_Invalidated) (invalidated) at <*> line <*>,2.2772128582000732
[11:34:44.290] itemasync_CopyProperty signalled err=-12785 (kFigBaseObjectError_Invalidated) (invalidated) at /Library/Caches/com.apple.xbs/Sources/CoreMedia/CoreMedia-1731.15.207/Prototypes/Player/FigPlayer_Async.c line 2092,[<*>:<*>:<*>] itemasync_CopyProperty signalled err=<*> (kFigBaseObjectError_Invalidated) (invalidated) at <*> line <*>,Mac,Unseen,[<*>:<*>:<*>] itemasync_CopyProperty signalled err=<*> (<*>) (invalidated) at <*> line <*>,1.8547723293304443
[11:58:36.563] itemasync_CopyProperty signalled err=-12785 (kFigBaseObjectError_Invalidated) (invalidated) at /Library/Caches/com.apple.xbs/Sources/CoreMedia/CoreMedia-1731.15.207/Prototypes/Player/FigPlayer_Async.c line 2092,[<*>:<*>:<*>] itemasync_CopyProperty signalled err=<*> (kFigBaseObjectError_Invalidated) (invalidated) at <*> line <*>,Mac,Unseen,[<*>:<*>:<*>] itemasync_CopyProperty signalled err=<*> (kFigBaseObjectError_Invalidated) (invalidated) at /Library/Caches/com.apple.xbs/Sources/CoreMedia/CoreMedia-<*>.<*>/<*> line <*>,3.4999871253967285
[12:11:47.043] itemasync_CopyProperty signalled err=-12785 (kFigBaseObjectError_Invalidated) (invalidated) at /Library/Caches/com.apple.xbs/Sources/CoreMedia/CoreMedia-1731.15.207/Prototypes/Player/FigPlayer_Async.c line 2092,[<*>:<*>:<*>] itemasync_CopyProperty signalled err=<*> (kFigBaseObjectError_Invalidated) (invalidated) at <*> line <*>,Mac,Unseen,[<*>:<*>:<*>] itemasync_CopyProperty signalled err=<*> (<*>) (invalidated) at <*:<*>:<*> line <*>,2.0909907817840576
"Unexpected payload found for message 9, dataLen 0","Unexpected payload found for message <*>, dataLen <*>",Mac,Unseen,Unexpected payload found for message <*> dataLen <*>,0.7175989151000977
Internal name did not resolve to internal address!,Internal name did not resolve to internal address!,Mac,Unseen,Internal name did not resolve to internal address!,0.727269172668457
__42-[NETClientConnection evaluateCrazyIvan46]_block_invoke CI46 - Hit by torpedo! QQ.10018 tc20795 14.17.42.14:14000,<*>-[NETClientConnection <*>]_block_invoke CI46 - Hit by torpedo! <*> <*> <*>:<*>,Mac,Unseen,__<*>-[NETClientConnection evaluateCrazyIvan<*>]_block_invoke CI<*> - Hit by torpedo! QQ.<*> tc<*> <*>:<*>,2.318899154663086
"CCFile::copyFile fileName is [2017-07-03_13,48,39.308188]-io80211Family-002.pcapng, source path:/var/log/CoreCapture/com.apple.iokit.IO80211Family/IO80211AWDLPeerManager//[2017-07-03_13,48,39.308188]-io80211Family-002.pcapng, dest path:/Library/Logs/CrashReporter/CoreCapture/com.apple.iokit.IO80211Family/[2017-07-03_13,50,14.954481]=AssocFail:sts:2_rsn:0/IO80211AWDLPeerManager//[2017-07-03_13,48,39.308188]-io80211Family-002.pcapng","CCFile::copyFile fileName is [<*>-<*>-<*>,<*>,<*>]-<*>, source path:<*>, dest path:<*>",Mac,Unseen,,7.468722581863403
"SOSAccountThisDeviceCanSyncWithCircle sync with device failure: Error Domain=com.apple.security.sos.error Code=1035 ""Account identity not set"" UserInfo={NSDescription=Account identity not set}","SOSAccountThisDeviceCanSyncWithCircle sync with device failure: Error Domain=com.apple.security.sos.error Code=<*> ""Account identity not set"" UserInfo={NSDescription=Account identity not set}",Mac,Unseen,"SOSAccountThisDeviceCanSyncWithCircle sync with device failure: Error Domain=<*> Code=<*> ""Account identity not set"" UserInfo={NSDescription=Account identity not set}",2.416240930557251
"<<<< FigByteStream >>>> FigByteStreamStatsLogOneRead: ByteStream read of 4812 bytes @ 358800 took 1.053312 secs. to complete, 5 reads >= 1 sec.","<<<< FigByteStream >>>> FigByteStreamStatsLogOneRead: ByteStream read of <*> bytes @ <*> took <*> <*> to complete, <*> reads >= <*> sec.",Mac,Unseen,"<<<< FigByteStream >>>> FigByteStreamStatsLogOneRead: ByteStream read of <*> bytes @ <*> took <*> secs. to complete, <*> reads >= <*> sec.",2.3061208724975586
AppleThunderboltNHIType2::waitForOk2Go2Sx - intel_rp = 1 dlla_reporting_supported = 0,<*>::<*> - intel_rp = <*> dlla_reporting_supported = <*>,Mac,Unseen,AppleThunderboltNHIType2::waitForOk2Go2Sx - intel_rp = <*> dlla_reporting_supported = <*>,1.6920325756072998
AppleCamIn::wakeEventHandlerThread,AppleCamIn::wakeEventHandlerThread,Mac,Unseen,AppleCamIn::wakeEventHandlerThread,0.5486907958984375
"CCFile::copyFile fileName is [2017-07-03_15,47,15.246620]-AirPortBrcm4360_Logs-007.txt, source path:/var/log/CoreCapture/com.apple.driver.AirPort.Brcm4360.0/DriverLogs//[2017-07-03_15,47,15.246620]-AirPortBrcm4360_Logs-007.txt, dest path:/Library/Logs/CrashReporter/CoreCapture/com.apple.driver.AirPort.Brcm4360.0/[2017-07-03_15,47,15.349129]=AuthFail:sts:5_rsn:0/DriverLogs//[2017-07-03_15,47,15.246620]-AirPortBrcm4360_Logs-007.txt","CCFile::copyFile fileName is [<*>-<*>-<*>,<*>,<*>]-<*>, source path:<*>, dest path:<*>",Mac,Unseen,"CCFile::copyFile fileName is <*>-AirPortBrcm4360_Logs-007.txt, source path:<*>/[<*>-AirPortBrcm4360_Logs-007.txt, dest path:<*>/<*>=[AuthFail:sts:<*>_rsn:<*>/DriverLogs/<*>-[<*>-AirPortBrcm4360_Logs-007.txt",5.098839282989502
"<<<< FigByteStream >>>> FigByteStreamStatsLogOneRead: ByteStream read of 4321 bytes @ 48 took 0.607292 sec. to complete, 7 reads >= 0.5 sec.","<<<< FigByteStream >>>> FigByteStreamStatsLogOneRead: ByteStream read of <*> bytes @ <*> took <*> <*> to complete, <*> reads >= <*> sec.",Mac,Unseen,"<<<< FigByteStream >>>> FigByteStreamStatsLogOneRead: ByteStream read of <*> bytes @ <*> took <*> sec. to complete, <*> reads >= <*> sec.",2.249694585800171
AppleCamIn::wakeEventHandlerThread,AppleCamIn::wakeEventHandlerThread,Mac,Unseen,AppleCamIn::wakeEventHandlerThread,0.540421724319458
"CCFile::copyFile fileName is [2017-07-03_16,06,19.861073]-CCIOReporter-008.xml, source path:/var/log/CoreCapture/com.apple.iokit.IO80211Family/OneStats//[2017-07-03_16,06,19.861073]-CCIOReporter-008.xml, dest path:/Library/Logs/CrashReporter/CoreCapture/com.apple.iokit.IO80211Family/[2017-07-03_16,07,33.914349]=AuthFail:sts:5_rsn:0/OneStats//[2017-07-03_16,06,19.861073]-CCIOReporter-008.xml","CCFile::copyFile fileName is [<*>-<*>-<*>,<*>,<*>]-<*>, source path:<*>, dest path:<*>",Mac,Unseen,"CCFile::copyFile fileName is <*>-CCIOReporter-<*>.xml, source path:<*>/<*>/<*>/<*>/<*>-CCIOReporter-<*>.xml, dest path:<*>/Logs/CrashReporter/CoreCapture/com.apple.iokit.IO80211Family/<*>-AuthFail:sts:<*>_rsn:<*>/OneStats/<*>-CCIOReporter-<*>.xml",5.437706708908081
"CCFile::copyFile fileName is [2017-07-03_16,07,38.954579]-io80211Family-016.pcapng, source path:/var/log/CoreCapture/com.apple.iokit.IO80211Family/IO80211AWDLPeerManager//[2017-07-03_16,07,38.954579]-io80211Family-016.pcapng, dest path:/Library/Logs/CrashReporter/CoreCapture/com.apple.iokit.IO80211Family/[2017-07-03_16,07,39.094895]=AuthFail:sts:5_rsn:0/IO80211AWDLPeerManager//[2017-07-03_16,07,38.954579]-io80211Family-016.pcapng","CCFile::copyFile fileName is [<*>-<*>-<*>,<*>,<*>]-<*>, source path:<*>, dest path:<*>",Mac,Unseen,"CCFile::copyFile fileName is <*>, source path:<*>, dest path:<*>",1.2133169174194336
"CCFile::copyFile fileName is [2017-07-03_16,07,39.096792]-CCIOReporter-017.xml, source path:/var/log/CoreCapture/com.apple.iokit.IO80211Family/OneStats//[2017-07-03_16,07,39.096792]-CCIOReporter-017.xml, dest path:/Library/Logs/CrashReporter/CoreCapture/com.apple.iokit.IO80211Family/[2017-07-03_16,07,39.171995]=AuthFail:sts:5_rsn:0/OneStats//[2017-07-03_16,07,39.096792]-CCIOReporter-017.xml","CCFile::copyFile fileName is [<*>-<*>-<*>,<*>,<*>]-<*>, source path:<*>, dest path:<*>",Mac,Unseen,,7.393964529037476
ARPT: 682834.192587: wlc_dump_aggfifo:,ARPT: <*>: wlc_dump_aggfifo:,Mac,Unseen,ARPT: <*>: wlc_dump_aggfifo:,0.8092136383056641
"CCFile::copyFile fileName is [2017-07-03_16,07,46.105103]-CCIOReporter-032.xml, source path:/var/log/CoreCapture/com.apple.iokit.IO80211Family/OneStats//[2017-07-03_16,07,46.105103]-CCIOReporter-032.xml, dest path:/Library/Logs/CrashReporter/CoreCapture/com.apple.iokit.IO80211Family/[2017-07-03_16,07,46.298508]=AuthFail:sts:5_rsn:0/OneStats//[2017-07-03_16,07,46.105103]-CCIOReporter-032.xml","CCFile::copyFile fileName is [<*>-<*>-<*>,<*>,<*>]-<*>, source path:<*>, dest path:<*>",Mac,Unseen,"CCFile::copyFile fileName is <*>-CCIOReporter-<*>, source path:<*>/<*>/<*>/<*>/<*>-CCIOReporter-<*>, dest path:<*>/<*>/<*>/<*>/<*>/<*>-CCIOReporter-<*>=AuthFail:sts:<*>_rsn:<*>/<*>/<*>/<*>/<*>-CCIOReporter-<*",5.048507928848267
"CCFile::copyFile fileName is [2017-07-03_16,27,04.995982]-io80211Family-040.pcapng, source path:/var/log/CoreCapture/com.apple.iokit.IO80211Family/IO80211AWDLPeerManager//[2017-07-03_16,27,04.995982]-io80211Family-040.pcapng, dest path:/Library/Logs/CrashReporter/CoreCapture/com.apple.iokit.IO80211Family/[2017-07-03_16,27,05.123034]=AuthFail:sts:5_rsn:0/IO80211AWDLPeerManager//[2017-07-03_16,27,04.995982]-io80211Family-040.pcapng","CCFile::copyFile fileName is [<*>-<*>-<*>,<*>,<*>]-<*>, source path:<*>, dest path:<*>",Mac,Unseen,,7.440880060195923
ARPT: 682977.654133: wlc_dump_aggfifo:,ARPT: <*>: wlc_dump_aggfifo:,Mac,Unseen,ARPT: <*>: wlc_dump_aggfifo:,0.7944140434265137
"CCFile::copyFile fileName is [2017-07-03_16,27,09.910337]-AirPortBrcm4360_Logs-047.txt, source path:/var/log/CoreCapture/com.apple.driver.AirPort.Brcm4360.0/DriverLogs//[2017-07-03_16,27,09.910337]-AirPortBrcm4360_Logs-047.txt, dest path:/Library/Logs/CrashReporter/CoreCapture/com.apple.driver.AirPort.Brcm4360.0/[2017-07-03_16,27,10.162319]=AuthFail:sts:5_rsn:0/DriverLogs//[2017-07-03_16,27,09.910337]-AirPortBrcm4360_Logs-047.txt","CCFile::copyFile fileName is [<*>-<*>-<*>,<*>,<*>]-<*>, source path:<*>, dest path:<*>",Mac,Unseen,"CCFile::copyFile fileName is <*>-AirPortBrcm4360_Logs-<*>, source path:<*>/[<*>-AirPortBrcm4360_Logs-<*>.txt, dest path:<*>/<*>=[<*>:sts:<*>_rsn:<*>/DriverLogs/<*>-AirPortBrcm4360_Logs-<*>.txt",5.090842247009277
Captive: CNPluginHandler en0: Authenticated,Captive: CNPluginHandler en0: Authenticated,Mac,Unseen,Captive: CNPluginHandler en0: Authenticated,0.7977006435394287
__42-[NETClientConnection evaluateCrazyIvan46]_block_invoke CI46 - Hit by torpedo! NeteaseMusic.17988 tc9008 103.251.128.144:80,<*>-[NETClientConnection <*>]_block_invoke CI46 - Hit by torpedo! <*> <*> <*>:<*>,Mac,Unseen,__<*>-[NETClientConnection evaluateCrazyIvan46]_block_invoke CI46 - Hit by torpedo! NeteaseMusic.<*> tc9008 <*>:<*>,2.3494701385498047
"ARPT: 683239.026135: wl0: MDNS: 0 SRV Recs, 0 TXT Recs","ARPT: <*>: wl0: MDNS: <*> SRV Recs, <*> TXT Recs",Mac,Unseen,"ARPT: <*>: wl0: MDNS: <*> SRV Recs, <*> TXT Recs",1.4568912982940674
hibernate_flush_memory: buffer_cache_gc freed up 13202 wired pages,hibernate_flush_memory: buffer_cache_gc freed up <*> wired pages,Mac,Unseen,hibernate_flush_memory: buffer_cache_gc freed up <*> wired pages,0.9885694980621338
hibernate_machine_init reading,hibernate_machine_init reading,Mac,Unseen,hibernate_machine_init reading,0.49075770378112793
hibernate_flush_memory: buffer_cache_gc freed up 3349 wired pages,hibernate_flush_memory: buffer_cache_gc freed up <*> wired pages,Mac,Unseen,hibernate_flush_memory: buffer_cache_gc freed up <*> wired pages,0.9831578731536865
hciControllerOnline; HID devices? 0,hciControllerOnline; HID devices? <*>,Mac,Unseen,hciControllerOnline; HID devices? <*>,0.6226358413696289
"polled file major 1, minor 0, blocksize 4096, pollers 5","polled file major <*>, minor <*>, blocksize <*>, pollers <*>",Mac,Unseen,"polled file major <*>, minor <*>, blocksize <*>, pollers <*>",1.107710361480713
"SOSAccountThisDeviceCanSyncWithCircle sync with device failure: Error Domain=com.apple.security.sos.error Code=1035 ""Account identity not set"" UserInfo={NSDescription=Account identity not set}","SOSAccountThisDeviceCanSyncWithCircle sync with device failure: Error Domain=com.apple.security.sos.error Code=<*> ""Account identity not set"" UserInfo={NSDescription=Account identity not set}",Mac,Unseen,"SOSAccountThisDeviceCanSyncWithCircle sync with device failure: Error Domain=<*> Code=<*> ""Account identity not set"" UserInfo={NSDescription=Account identity not set}",2.442936420440674
__42-[NETClientConnection evaluateCrazyIvan46]_block_invoke CI46 - Hit by torpedo! QQ.10018 tc21242 119.81.102.227:80,<*>-[NETClientConnection <*>]_block_invoke CI46 - Hit by torpedo! <*> <*> <*>:<*>,Mac,Unseen,__<*>-[NETClientConnection evaluateCrazyIvan46]_block_invoke CI46 - Hit by torpedo! QQ.<*> tc21242 <*>:<*>,2.1410183906555176
Wake reason: ARPT (Network),Wake reason: ARPT (Network),Mac,Unseen,Wake reason: ARPT (Network),0.6182422637939453
"CCFile::copyFile fileName is [2017-07-03_19,04,57.722196]-io80211Family-018.pcapng, source path:/var/log/CoreCapture/com.apple.iokit.IO80211Family/IO80211AWDLPeerManager//[2017-07-03_19,04,57.722196]-io80211Family-018.pcapng, dest path:/Library/Logs/CrashReporter/CoreCapture/com.apple.iokit.IO80211Family/[2017-07-03_19,05,37.535347]=AuthFail:sts:2_rsn:0/IO80211AWDLPeerManager//[2017-07-03_19,04,57.722196]-io80211Family-018.pcapng","CCFile::copyFile fileName is [<*>-<*>-<*>,<*>,<*>]-<*>, source path:<*>, dest path:<*>",Mac,Unseen,"CCFile::copyFile fileName is <*>-io80211Family-<*>.pcapng, source path:<*>/<*>/<*>/<*>-io80211Family-<*>.pcapng, dest path:<*>/<*>/<*>/<*>/<*>-AuthFail:sts:<*>_rsn:<*>/IO80211AWDLPeerManager/<*>-io80211Family-<*>.pcapng",5.819290399551392
RTC: PowerByCalendarDate setting ignored,RTC: PowerByCalendarDate setting ignored,Mac,Unseen,RTC: PowerByCalendarDate setting ignored,0.6176753044128418
BuildActDeviceEntry enter,BuildActDeviceEntry enter,Mac,Unseen,BuildActDeviceEntry enter,0.43473362922668457
Captive: CNPluginHandler en0: Authenticated,Captive: CNPluginHandler en0: Authenticated,Mac,Unseen,Captive: CNPluginHandler en0: Authenticated,0.8134691715240479
KeychainGetICDPStatus: status: off,KeychainGetICDPStatus: status: off,Mac,Unseen,KeychainGetICDPStatus: status: off,0.7585487365722656
"CCFile::copyFile fileName is [2017-07-03_21,30,41.859869]-CCIOReporter-002.xml, source path:/var/log/CoreCapture/com.apple.iokit.IO80211Family/OneStats//[2017-07-03_21,30,41.859869]-CCIOReporter-002.xml, dest path:/Library/Logs/CrashReporter/CoreCapture/com.apple.iokit.IO80211Family/[2017-07-03_21,30,40.703152]=AuthFail:sts:5_rsn:0/OneStats//[2017-07-03_21,30,41.859869]-CCIOReporter-002.xml","CCFile::copyFile fileName is [<*>-<*>-<*>,<*>,<*>]-<*>, source path:<*>, dest path:<*>",Mac,Unseen,"CCFile::copyFile fileName is <*>-CCIOReporter-<*>, source path:<*>/<*>/<*>/<*>/<*>/<*>/<*>-CCIOReporter-<*>, dest path:<*>/<*>/<*>/<*>/<*>/<*>/<*>/<*>/<*>/<*>/<*>",3.9669344425201416
__42-[NETClientConnection evaluateCrazyIvan46]_block_invoke CI46 - Hit by torpedo! QQ.10018 tc21519 184.105.67.74:443,<*>-[NETClientConnection <*>]_block_invoke CI46 - Hit by torpedo! <*> <*> <*>:<*>,Mac,Unseen,__<*>-[NETClientConnection evaluateCrazyIvan<*>]_block_invoke CI<*> - Hit by torpedo! QQ.<*> tc<*> <*>:<*>,2.2674400806427
"NETWORK: requery, 0, 0, 0, 0, 320, items, fQueryRetries, 1, fLastRetryTimestamp, 520841203.7","NETWORK: requery, <*>, <*>, <*>, <*>, <*>, items, fQueryRetries, <*>, fLastRetryTimestamp, <*>",Mac,Unseen,"NETWORK: requery, <*>",0.49805140495300293
Location icon should now be in state 'Active',Location icon should now be in state 'Active',Mac,Unseen,Location icon should now be in state 'Active',0.7350749969482422
KeychainGetICDPStatus: status: off,KeychainGetICDPStatus: status: off,Mac,Unseen,KeychainGetICDPStatus: status: <*>,0.7319941520690918
tcp_connection_tls_session_error_callback_imp 2210 tcp_connection_tls_session_handle_read_error.790 error 60,tcp_connection_tls_session_error_callback_imp <*> tcp_connection_tls_session_handle_read_error.<*> error <*>,Mac,Unseen,tcp_connection_tls_session_error_callback_imp <*> tcp_connection_tls_session_handle_read_error error <*>,1.1701178550720215
RTC: PowerByCalendarDate setting ignored,RTC: PowerByCalendarDate setting ignored,Mac,Unseen,RTC: PowerByCalendarDate setting ignored,0.6212868690490723
AppleThunderboltNHIType2::waitForOk2Go2Sx - intel_rp = 1 dlla_reporting_supported = 0,<*>::<*> - intel_rp = <*> dlla_reporting_supported = <*>,Mac,Unseen,AppleThunderboltNHIType2::waitForOk2Go2Sx - intel_rp = <*> dlla_reporting_supported = <*>,1.7526381015777588
AppleCamIn::wakeEventHandlerThread,AppleCamIn::wakeEventHandlerThread,Mac,Unseen,AppleCamIn::wakeEventHandlerThread,0.5568573474884033
"NETWORK: requery, 0, 0, 0, 0, 320, items, fQueryRetries, 1, fLastRetryTimestamp, 520871064.1","NETWORK: requery, <*>, <*>, <*>, <*>, <*>, items, fQueryRetries, <*>, fLastRetryTimestamp, <*>",Mac,Unseen,"NETWORK: requery, <*>, <*>, <*>, <*>, <*>, items, fQueryRetries, <*>, fLastRetryTimestamp, <*>",1.9621994495391846
Captive: CNPluginHandler en0: Authenticated,Captive: CNPluginHandler en0: Authenticated,Mac,Unseen,Captive: CNPluginHandler en0: Authenticated,0.7981514930725098
AppleCamIn::wakeEventHandlerThread,AppleCamIn::wakeEventHandlerThread,Mac,Unseen,AppleCamIn::wakeEventHandlerThread,0.5559651851654053
"ARPT: 700311.376459: wl0: MDNS: 0 SRV Recs, 0 TXT Recs","ARPT: <*>: wl0: MDNS: <*> SRV Recs, <*> TXT Recs",Mac,Unseen,"ARPT: <*>: wl0: MDNS: <*> SRV Recs, <*> TXT Recs",1.4035465717315674
[10:13:05.044] <<<< CRABS >>>> crabsFlumeHostAvailable: [0x7f961cf08cf0] Byte flume reports host available again.,[<*>:<*>:<*>] <<<< CRABS >>>> crabsFlumeHostAvailable: [<*>] Byte flume reports host available again.,Mac,Unseen,[<*>:<*>:<*>] <<<< CRABS >>>> crabsFlumeHostAvailable: [<*>] Byte flume reports host available again.,2.1469364166259766
AppleCamIn::wakeEventHandlerThread,AppleCamIn::wakeEventHandlerThread,Mac,Unseen,AppleCamIn::wakeEventHandlerThread,0.5625548362731934
"CCFile::captureLog Received Capture notice id: 1499192921.020010, reason = AssocFail:sts:5_rsn:0","CCFile::captureLog Received Capture notice id: <*>, reason = AssocFail:sts:<NUM>_rsn:<NUM>",Mac,Unseen,"CCFile::captureLog Received Capture notice id: <*>, reason = AssocFail:sts:<*>_rsn:<*>",1.6522152423858643
"ARPT: 702351.279867: wl0: setup_keepalive: interval 900, retry_interval 30, retry_count 10","ARPT: <*>: wl0: setup_keepalive: interval <*>, retry_interval <*>, retry_count <*>",Mac,Unseen,"ARPT: <*>: wl0: setup_keepalive: interval <*>, retry_interval <*>, retry_count <*>",1.5142827033996582
AppleCamIn::wakeEventHandlerThread,AppleCamIn::wakeEventHandlerThread,Mac,Unseen,AppleCamIn::wakeEventHandlerThread,0.5591049194335938
RTC: PowerByCalendarDate setting ignored,RTC: PowerByCalendarDate setting ignored,Mac,Unseen,RTC: PowerByCalendarDate setting ignored,0.622795820236206
"[Accounts] Failed to update account with identifier 76FE6715-3D27-4F21-AA35-C88C1EA820E8, error: Error Domain=ABAddressBookErrorDomain Code=1002 ""(null)""","[Accounts] Failed to update account with identifier <*>-<*>-<*>-<*>-<*>, error: Error Domain=ABAddressBookErrorDomain Code=<*> ""(<*>)""",Mac,Unseen,"[Accounts] Failed to update account with identifier <*>, error: Error Domain=ABAddressBookErrorDomain Code=<*> ""(<*>)""",1.8364572525024414
Location icon should now be in state 'Active',Location icon should now be in state 'Active',Mac,Unseen,Location icon should now be in state 'Active',0.7495665550231934
"2017-07-04 15:03:53.270 GoogleSoftwareUpdateAgent[35018/0x7000002a0000] [lvl=2] -[KSOutOfProcessFetcher(PrivateMethods) helperDidTerminate:] KSOutOfProcessFetcher fetch ended for URL: ""https://tools.google.com/service/update2?cup2hreq=a70d6372a4e45a6cbba61cd7f057c79bf73c79db1b1951dc17c605e870f0419b&cup2key=7:934679018""","<*>-<*>-<*> <*>:<*>:<*> GoogleSoftwareUpdateAgent[<*>/<*>] [lvl=<*>] -[KSOutOfProcessFetcher(PrivateMethods) helperDidTerminate:] KSOutOfProcessFetcher fetch ended for URL: ""<*>""",Mac,Unseen,"<*>-<*>-<*> <*>:<*>:<*> GoogleSoftwareUpdateAgent[<*>/<*>] [lvl=<*>] -[KSOutOfProcessFetcher(PrivateMethods) helperDidTerminate:] KSOutOfProcessFetcher fetch ended for URL: ""<*>?cup2hreq=<*>&cup2key=<*>:<*>""",4.367473363876343
"NETWORK: requery, 0, 0, 0, 0, 300, items, fQueryRetries, 0, fLastRetryTimestamp, 520899307.1","NETWORK: requery, <*>, <*>, <*>, <*>, <*>, items, fQueryRetries, <*>, fLastRetryTimestamp, <*>",Mac,Unseen,"NETWORK: requery, <*>, <*>, <*>, <*>, <*>, items, fQueryRetries, <*>, fLastRetryTimestamp, <*>",1.9753830432891846
"ARPT: 711979.641310: wl0: setup_keepalive: interval 900, retry_interval 30, retry_count 10","ARPT: <*>: wl0: setup_keepalive: interval <*>, retry_interval <*>, retry_count <*>",Mac,Unseen,"ARPT: <*>: wl0: setup_keepalive: interval <*>, retry_interval <*>, retry_count <*>",1.5212481021881104
AppleCamIn::wakeEventHandlerThread,AppleCamIn::wakeEventHandlerThread,Mac,Unseen,AppleCamIn::wakeEventHandlerThread,0.5577971935272217
"SOSAccountThisDeviceCanSyncWithCircle sync with device failure: Error Domain=com.apple.security.sos.error Code=1035 ""Account identity not set"" UserInfo={NSDescription=Account identity not set}","SOSAccountThisDeviceCanSyncWithCircle sync with device failure: Error Domain=com.apple.security.sos.error Code=<*> ""Account identity not set"" UserInfo={NSDescription=Account identity not set}",Mac,Unseen,"SOSAccountThisDeviceCanSyncWithCircle sync with device failure: Error Domain=com.apple.security.sos.error Code=1035 ""Account identity not set"" UserInfo={NSDescription=Account identity not set}",2.721182107925415
"ARPT: 712526.783763: wl0: setup_keepalive: interval 900, retry_interval 30, retry_count 10","ARPT: <*>: wl0: setup_keepalive: interval <*>, retry_interval <*>, retry_count <*>",Mac,Unseen,"ARPT: <*>: wl0: setup_keepalive: interval <*>, retry_interval <*>, retry_count <*>",1.4805164337158203
"SOSAccountThisDeviceCanSyncWithCircle sync with device failure: Error Domain=com.apple.security.sos.error Code=1035 ""Account identity not set"" UserInfo={NSDescription=Account identity not set}","SOSAccountThisDeviceCanSyncWithCircle sync with device failure: Error Domain=com.apple.security.sos.error Code=<*> ""Account identity not set"" UserInfo={NSDescription=Account identity not set}",Mac,Unseen,"SOSAccountThisDeviceCanSyncWithCircle sync with device failure: Error Domain=com.apple.security.sos.error Code=<*> ""Account identity not set"" UserInfo={NSDescription=Account identity not set}",2.6467673778533936
Wake reason: RTC (Alarm),Wake reason: RTC (Alarm),Mac,Unseen,Wake reason: RTC (Alarm),0.5536844730377197
__42-[NETClientConnection evaluateCrazyIvan46]_block_invoke CI46 - Hit by torpedo! QQ.10018 tc22491 203.205.142.158:8080,<*>-[NETClientConnection <*>]_block_invoke CI46 - Hit by torpedo! <*> <*> <*>:<*>,Mac,Unseen,__<*>-[NETClientConnection evaluateCrazyIvan46]_block_invoke CI46 - Hit by torpedo! QQ.<*> tc<*> 203.205.142.158:<*>,2.595641613006592
[com.apple.calendar.store.log.caldav.coredav] [Refusing to parse response to PROPPATCH because of content-type: [text/html; charset=UTF-8].],[com.apple.calendar.store.log.caldav.coredav] [Refusing to parse response to PROPPATCH because of content-type: [text/html; charset=UTF-<*>].],Mac,Unseen,[<*>] [Refusing to parse response to PROPPATCH because of content-type: [<*>].],1.5478248596191406
KeychainGetICDPStatus: status: off,KeychainGetICDPStatus: status: off,Mac,Unseen,KeychainGetICDPStatus: status: off,0.7430775165557861
objc[35448]: Class TSUCustomFormatData is implemented in both /Library/QuickLook/iWork.qlgenerator/Contents/MacOS/iWork and /System/Library/PrivateFrameworks/OfficeImport.framework/Versions/A/OfficeImport. One of the two will be used. Which one is undefined.,objc[<*>]: Class TSUCustomFormatData is implemented in both <*> and <*> One of the two will be used. Which one is undefined.,Mac,Unseen,objc[<*>]: Class TSUCustomFormatData is implemented in both <*> and <*>. One of the two will be used. Which one is undefined.,2.114640951156616
"SOSAccountThisDeviceCanSyncWithCircle sync with device failure: Error Domain=com.apple.security.sos.error Code=1035 ""Account identity not set"" UserInfo={NSDescription=Account identity not set}","SOSAccountThisDeviceCanSyncWithCircle sync with device failure: Error Domain=com.apple.security.sos.error Code=<*> ""Account identity not set"" UserInfo={NSDescription=Account identity not set}",Mac,Unseen,"SOSAccountThisDeviceCanSyncWithCircle sync with device failure: Error Domain=<*> Code=<*> ""<*> Account identity not set <*>"" UserInfo={NSDescription=<*> Account identity not set <*>}",2.645512819290161
[com.apple.calendar.store.log.caldav.coredav] [Refusing to parse response to PROPPATCH because of content-type: [text/html; charset=UTF-8].],[com.apple.calendar.store.log.caldav.coredav] [Refusing to parse response to PROPPATCH because of content-type: [text/html; charset=UTF-<*>].],Mac,Unseen,[<*>] [Refusing to parse response to PROPPATCH because of content-type: [<*>].],1.5423097610473633
"<<<< FigByteStream >>>> FigByteStreamStatsLogOneRead: ByteStream read of 21335 bytes @ 5481561 took 0.501237 sec. to complete, 16 reads >= 0.5 sec.","<<<< FigByteStream >>>> FigByteStreamStatsLogOneRead: ByteStream read of <*> bytes @ <*> took <*> <*> to complete, <*> reads >= <*> sec.",Mac,Unseen,"<<<< FigByteStream >>>> FigByteStreamStatsLogOneRead: ByteStream read of <*> bytes @ <*> took <*> sec. to complete, <*> reads >= <*> sec.",2.42340087890625
-deviceDeltaY is deprecated for NSScrollWheel. Please use -scrollingDeltaY.,<*>-deviceDeltaY is deprecated for NSScrollWheel. Please use -scrollingDeltaY.,Mac,Unseen,-deviceDeltaY is deprecated for NSScrollWheel. Please use -scrollingDeltaY.,1.367959976196289
[00:28:42.167] (Fig) signalled err=-12871,[<*>:<*>:<*>] (Fig) signalled err=<*>,Mac,Unseen,[<*>:<*>:<*>] (Fig) signalled err=<*>,1.114457130432129
"Configuration Notice: ASL Module ""com.apple.corecdp.osx.asl"" claims selected messages. Those messages may not appear in standard system log files or in the ASL database.","Configuration Notice: ASL Module ""<*>"" claims selected messages. Those messages may not appear in standard system log files or in the ASL database.",Mac,Unseen,"Configuration Notice: ASL Module ""<*>"" claims selected messages. Those messages may not appear in standard system log files or in the ASL database.",2.0467641353607178
"NETWORK: requery, 0, 0, 0, 0, 284, items, fQueryRetries, 0, fLastRetryTimestamp, 520934130.6","NETWORK: requery, <*>, <*>, <*>, <*>, <*>, items, fQueryRetries, <*>, fLastRetryTimestamp, <*>",Mac,Unseen,"NETWORK: requery, <*>, <*>, <*>, <*>, <*>, items, fQueryRetries, <*>, fLastRetryTimestamp, <*>",1.9850547313690186
AppleCamIn::wakeEventHandlerThread,AppleCamIn::wakeEventHandlerThread,Mac,Unseen,AppleCamIn::wakeEventHandlerThread,0.5591187477111816
RTC: PowerByCalendarDate setting ignored,RTC: PowerByCalendarDate setting ignored,Mac,Unseen,RTC: PowerByCalendarDate setting ignored,0.6221678256988525
Wake reason: RTC (Alarm),Wake reason: RTC (Alarm),Mac,Unseen,Wake reason: RTC (Alarm),0.5613236427307129
**** [BroadcomBluetoothHostControllerUSBTransport][start] -- Completed (matched on Device) -- 0x6000 ****,**** [BroadcomBluetoothHostControllerUSBTransport][start] -- Completed (matched on Device) -- <*> ****,Mac,Unseen,**** [BroadcomBluetoothHostControllerUSBTransport][start] -- Completed (matched on Device) -- <*> ****,1.4972281455993652
"hibernate_newruntime_map time: 0 ms, IOPolledFilePollersOpen(), ml_get_interrupts_enabled 0","hibernate_newruntime_map time: <*> ms, IOPolledFilePollersOpen(), ml_get_interrupts_enabled <*>",Mac,Unseen,"hibernate_newruntime_map time: <*>, IOPolledFilePollersOpen(), ml_get_interrupts_enabled <*>,",1.762507677078247
Location icon should now be in state 'Active',Location icon should now be in state 'Active',Mac,Unseen,Location icon should now be in state 'Active',0.764030933380127
"2017-07-05 10:52:15.982 GoogleSoftwareUpdateAgent[35861/0x700000323000] [lvl=2] -[KSOutOfProcessFetcher(PrivateMethods) helperDidTerminate:] KSOutOfProcessFetcher fetch ended for URL: ""https://tools.google.com/service/update2?cup2hreq=d297a7e5b56d6bd4faa75860fff6e485c301bf4e943a561afff6c8b3707ce948&cup2key=7:2988503627""","<*>-<*>-<*> <*>:<*>:<*> GoogleSoftwareUpdateAgent[<*>/<*>] [lvl=<*>] -[KSOutOfProcessFetcher(PrivateMethods) helperDidTerminate:] KSOutOfProcessFetcher fetch ended for URL: ""<*>""",Mac,Unseen,"<*>-<*>-<*> <*>:<*>:<*> GoogleSoftwareUpdateAgent[<*>/<*>] [lvl=<*>] -[KSOutOfProcessFetcher(PrivateMethods) helperDidTerminate:] KSOutOfProcessFetcher fetch ended for URL: ""<*>?cup2hreq=<*>&cup2key=<*>:<>",4.382558584213257
2017-07-05 10:52:16.977 GoogleSoftwareUpdateAgent[35861/0x700000323000] [lvl=2] -[KSPrefetchAction performAction] KSPrefetchAction no updates to prefetch.,<*>-<*>-<*> <*>:<*>:<*> GoogleSoftwareUpdateAgent[<*>/<*>] [lvl=<*>] -[KSPrefetchAction performAction] KSPrefetchAction no updates to prefetch.,Mac,Unseen,<*>-<*>-<*> <*>:<*>:<*> GoogleSoftwareUpdateAgent[<*>/<*>] [lvl=<*>] -[KSPrefetchAction performAction] KSPrefetchAction no updates to prefetch.,3.133402109146118
KeychainGetICDPStatus: status: off,KeychainGetICDPStatus: status: off,Mac,Unseen,KeychainGetICDPStatus: status: <*>,0.7481234073638916
"CCFile::copyFile fileName is [2017-07-05_11,39,39.743225]-CCIOReporter-001.xml, source path:/var/log/CoreCapture/com.apple.iokit.IO80211Family/OneStats//[2017-07-05_11,39,39.743225]-CCIOReporter-001.xml, dest path:/Library/Logs/CrashReporter/CoreCapture/com.apple.iokit.IO80211Family/[2017-07-05_11,39,38.739976]=AuthFail:sts:5_rsn:0/OneStats//[2017-07-05_11,39,39.743225]-CCIOReporter-001.xml","CCFile::copyFile fileName is [<*>-<*>-<*>,<*>,<*>]-<*>, source path:<*>, dest path:<*>",Mac,Unseen,"CCFile::copyFile fileName is <*>, source path:<*>, dest path:<*>",1.250352382659912
<IMMacNotificationCenterManager: 0x7ff1b2d17980>:   DND Enabled: NO,<IMMacNotificationCenterManager: <*>: DND Enabled: NO,Mac,Unseen,<IMMacNotificationCenterManager: <*>: DND Enabled: NO,0.8743813037872314
<IMMacNotificationCenterManager: 0x7ff1b2e00ba0>:   DND Enabled: NO,<IMMacNotificationCenterManager: <*>: DND Enabled: NO,Mac,Unseen,<IMMacNotificationCenterManager: <*>: DND Enabled: NO,0.8919756412506104
__42-[NETClientConnection evaluateCrazyIvan46]_block_invoke CI46 - Hit by torpedo! QQ.10018 tc22930 125.39.240.34:14000,<*>-[NETClientConnection <*>]_block_invoke CI46 - Hit by torpedo! <*> <*> <*>:<*>,Mac,Unseen,__<*>-[NETClientConnection evaluateCrazyIvan<*>]_block_invoke CI<*> - Hit by torpedo! QQ.<*> tc<*> <*>:<*>,2.3705685138702393
"CCFile::copyFile fileName is [2017-07-05_14,04,19.163834]-AirPortBrcm4360_Logs-025.txt, source path:/var/log/CoreCapture/com.apple.driver.AirPort.Brcm4360.0/DriverLogs//[2017-07-05_14,04,19.163834]-AirPortBrcm4360_Logs-025.txt, dest path:/Library/Logs/CrashReporter/CoreCapture/com.apple.driver.AirPort.Brcm4360.0/[2017-07-05_14,04,19.222771]=AuthFail:sts:5_rsn:0/DriverLogs//[2017-07-05_14,04,19.163834]-AirPortBrcm4360_Logs-025.txt","CCFile::copyFile fileName is [<*>-<*>-<*>,<*>,<*>]-<*>, source path:<*>, dest path:<*>",Mac,Unseen,"CCFile::copyFile fileName is <*>-AirPortBrcm4360_Logs-025.txt, source path:<*>//<*>, dest path:<*>//<*>=AuthFail:sts:<*>_rsn:<*>//<*><*>",3.2937989234924316
"CCFile::copyFile fileName is [2017-07-05_14,04,25.705173]-CCIOReporter-044.xml, source path:/var/log/CoreCapture/com.apple.iokit.IO80211Family/OneStats//[2017-07-05_14,04,25.705173]-CCIOReporter-044.xml, dest path:/Library/Logs/CrashReporter/CoreCapture/com.apple.iokit.IO80211Family/[2017-07-05_14,04,25.777317]=AuthFail:sts:5_rsn:0/OneStats//[2017-07-05_14,04,25.705173]-CCIOReporter-044.xml","CCFile::copyFile fileName is [<*>-<*>-<*>,<*>,<*>]-<*>, source path:<*>, dest path:<*>",Mac,Unseen,"CCFile::copyFile fileName is <*>, source path:<*>, dest path:<*>",1.248605489730835
"CCFile::copyFile fileName is [2017-07-05_14,04,32.840703]-io80211Family-056.pcapng, source path:/var/log/CoreCapture/com.apple.iokit.IO80211Family/IO80211AWDLPeerManager//[2017-07-05_14,04,32.840703]-io80211Family-056.pcapng, dest path:/Library/Logs/CrashReporter/CoreCapture/com.apple.iokit.IO80211Family/[2017-07-05_14,04,32.969558]=AuthFail:sts:5_rsn:0/IO80211AWDLPeerManager//[2017-07-05_14,04,32.840703]-io80211Family-056.pcapng","CCFile::copyFile fileName is [<*>-<*>-<*>,<*>,<*>]-<*>, source path:<*>, dest path:<*>",Mac,Unseen,,7.571513414382935
"CCFile::copyFile fileName is [2017-07-05_14,04,33.660387]-io80211Family-063.pcapng, source path:/var/log/CoreCapture/com.apple.iokit.IO80211Family/IO80211AWDLPeerManager//[2017-07-05_14,04,33.660387]-io80211Family-063.pcapng, dest path:/Library/Logs/CrashReporter/CoreCapture/com.apple.iokit.IO80211Family/[2017-07-05_14,04,33.736169]=AuthFail:sts:5_rsn:0/IO80211AWDLPeerManager//[2017-07-05_14,04,33.660387]-io80211Family-063.pcapng","CCFile::copyFile fileName is [<*>-<*>-<*>,<*>,<*>]-<*>, source path:<*>, dest path:<*>",Mac,Unseen,,7.384067535400391
hibernate_rebuild completed - took 10042450943433 msecs,hibernate_rebuild completed - took <*> msecs,Mac,Unseen,hibernate_rebuild completed - took <*> msecs,0.8094878196716309
AppleActuatorDevice::stop Entered,AppleActuatorDevice::stop Entered,Mac,Unseen,AppleActuatorDevice::stop Entered,0.5637755393981934
"NETWORK: requery, 0, 0, 0, 0, 252, items, fQueryRetries, 0, fLastRetryTimestamp, 520989480.3","NETWORK: requery, <*>, <*>, <*>, <*>, <*>, items, fQueryRetries, <*>, fLastRetryTimestamp, <*>",Mac,Unseen,"NETWORK: requery, <*>",0.5212900638580322
KeychainGetICDPStatus: status: off,KeychainGetICDPStatus: status: off,Mac,Unseen,KeychainGetICDPStatus: status: <*>,0.7566900253295898
Location icon should now be in state 'Active',Location icon should now be in state 'Active',Mac,Unseen,Location icon should now be in state 'Active',0.7393553256988525
"ARPT: 728173.580097: wl0: setup_keepalive: interval 900, retry_interval 30, retry_count 10","ARPT: <*>: wl0: setup_keepalive: interval <*>, retry_interval <*>, retry_count <*>",Mac,Unseen,"ARPT: <*>: wl0: setup_keepalive: interval <*>, retry_interval <*>, retry_count <*>",1.5102646350860596
[17:22:36.133] <<<< CRABS >>>> crabsFlumeHostAvailable: [0x7f961cf08cf0] Byte flume reports host available again.,[<*>:<*>:<*>] <<<< CRABS >>>> crabsFlumeHostAvailable: [<*>] Byte flume reports host available again.,Mac,Unseen,[<*>:<*>:<*>] <<<< CRABS >>>> crabsFlumeHostAvailable: [<*>] Byte flume reports host available again.,2.1042490005493164
"PBRequester failed with Error Error Domain=NSURLErrorDomain Code=-1009 ""The Internet connection appears to be offline."" UserInfo={NSUnderlyingError=0x7fe13530fc60 {Error Domain=kCFErrorDomainCFNetwork Code=-1009 ""The Internet connection appears to be offline."" UserInfo={NSErrorFailingURLStringKey=https://gsp-ssl.ls.apple.com/dispatcher.arpc, NSErrorFailingURLKey=https://gsp-ssl.ls.apple.com/dispatcher.arpc, _kCFStreamErrorCodeKey=8, _kCFStreamErrorDomainKey=12, NSLocalizedDescription=The Internet connection appears to be offline.}}, NSErrorFailingURLStringKey=https://gsp-ssl.ls.apple.com/dispatcher.arpc, NSErrorFailingURLKey=https://gsp-ssl.ls.apple.com/dispatcher.arpc, _kCFStreamErrorDomainKey=12, _kCFStreamErrorCodeKey=8, NSLocalizedDescription=The Internet connection appears to be offline.}","PBRequester failed with Error Error Domain=NSURLErrorDomain Code=<*> ""The Internet connection appears to be offline."" UserInfo={NSUnderlyingError=<*> {Error Domain=kCFErrorDomainCFNetwork Code=<*> ""The Internet connection appears to be offline."" UserInfo={NSErrorFailingURLStringKey=<*>, NSErrorFailingURLKey=<*>, _kCFStreamErrorCodeKey=<*>, _kCFStreamErrorDomainKey=<*>, NSLocalizedDescription=The Internet connection appears to be offline.}}, NSErrorFailingURLStringKey=<*>, NSErrorFailingURLKey=<*>, _kCFStreamErrorDomainKey=<*>, _kCFStreamErrorCodeKey=<*>, NSLocalizedDescription=The Internet connection appears to be offline.}",Mac,Unseen,,7.5272064208984375
"Unexpected payload found for message 9, dataLen 0","Unexpected payload found for message <*>, dataLen <*>",Mac,Unseen,Unexpected payload found for message <*>,0.5011796951293945
"ARPT: 728563.210777: IOPMPowerSource Information: onSleep,  SleepType: Normal Sleep,  'ExternalConnected': No, 'TimeRemaining': 3174,","ARPT: <*>: IOPMPowerSource Information: onSleep, SleepType: Normal Sleep, 'ExternalConnected': No, 'TimeRemaining': <*>,",Mac,Unseen,"ARPT: <*>: IOPMPowerSource Information: onSleep, SleepType: Normal Sleep, 'ExternalConnected': No, 'TimeRemaining': <*>,",2.1747641563415527
"ARPT: 728620.515604: wl0: MDNS: 0 SRV Recs, 0 TXT Recs","ARPT: <*>: wl0: MDNS: <*> SRV Recs, <*> TXT Recs",Mac,Unseen,"ARPT: <*>: wl0: MDNS: <*> SRV Recs, <*> TXT Recs",1.4323923587799072
"booter start at 1251 ms smc 0 ms, [18, 0, 0] total 367 ms, dsply 0, 0 ms, tramp 1080 ms","booter start at <*> ms smc <*> ms, [<*>, <*>, <*>] total <*> ms, dsply <*>, <*> ms, tramp <*> ms",Mac,Unseen,"booter start at <*>, smc <*>, total <*>, dsply <*>, tramp <*>",1.373408317565918
"hibernate_newruntime_map time: 0 ms, IOPolledFilePollersOpen(), ml_get_interrupts_enabled 0","hibernate_newruntime_map time: <*> ms, IOPolledFilePollersOpen(), ml_get_interrupts_enabled <*>",Mac,Unseen,"hibernate_newruntime_map time: <*>, IOPolledFilePollersOpen(), ml_get_interrupts_enabled <*>,",1.7350552082061768
Wake reason: ARPT (Network),Wake reason: ARPT (Network),Mac,Unseen,Wake reason: ARPT (Network),0.6249282360076904
"NETWORK: requery, 0, 0, 0, 0, 299, items, fQueryRetries, 0, fLastRetryTimestamp, 521006902.2","NETWORK: requery, <*>, <*>, <*>, <*>, <*>, items, fQueryRetries, <*>, fLastRetryTimestamp, <*>",Mac,Unseen,"NETWORK: requery, <*>",0.5110735893249512
"polled file major 1, minor 0, blocksize 4096, pollers 5","polled file major <*>, minor <*>, blocksize <*>, pollers <*>",Mac,Unseen,"polled file major <*>, minor <*>, blocksize <*>, pollers <*>",1.1456410884857178
BuildActDeviceEntry enter,BuildActDeviceEntry enter,Mac,Unseen,BuildActDeviceEntry enter,0.45943260192871094
IOPolledFilePollersOpen(0) 6 ms,IOPolledFilePollersOpen(<*>) <*> ms,Mac,Unseen,IOPolledFilePollersOpen(<*>) <*> ms,0.9366729259490967
"polled file major 1, minor 0, blocksize 4096, pollers 5","polled file major <*>, minor <*>, blocksize <*>, pollers <*>",Mac,Unseen,"polled file major <*>, minor <*>, blocksize <*>, pollers <*>",1.1148004531860352
AppleActuatorDeviceUserClient::stop Entered,AppleActuatorDeviceUserClient::stop Entered,Mac,Unseen,AppleActuatorDeviceUserClient::stop Entered,0.685845136642456
"[CardDAVPlugin-ERROR] -getPrincipalInfo:[_controller supportsRequestCompressionAtURL:https://13957525385%40163.com@p28-contacts.icloud.com/874161398/principal/] Error Domain=NSURLErrorDomain Code=-1009 ""The Internet connection appears to be offline."" UserInfo={NSUnderlyingError=0x7f8de0c0dc70 {Error Domain=kCFErrorDomainCFNetwork Code=-1009 ""The Internet connection appears to be offline."" UserInfo={NSErrorFailingURLStringKey=https://13957525385%40163.com@p28-contacts.icloud.com/874161398/principal/, NSErrorFailingURLKey=https://13957525385%40163.com@p28-contacts.icloud.com/874161398/principal/, _kCFStreamErrorCodeKey=8, _kCFStreamErrorDomainKey=12, NSLocalizedDescription=The Internet connection appears to be offline.}}, NSErrorFailingURLStringKey=https://13957525385%40163.com@p28-contacts.icloud.com/874161398/principal/, NSErrorFailingURLKey=https://13957525385%40163.com@p28-contacts.icloud.com/874161398/principal/, _kCFStreamErrorDomainKey=12, _kCFStreamErrorCodeKey=8, NSLocalizedDescription=The Internet connection appears to be offline.}","[CardDAVPlugin-ERROR] -getPrincipalInfo:[_controller supportsRequestCompressionAtURL:<*>] Error Domain=NSURLErrorDomain Code=<*> ""The Internet connection appears to be offline."" UserInfo={NSUnderlyingError=<*> {Error Domain=kCFErrorDomainCFNetwork Code=<*> ""The Internet connection appears to be offline."" UserInfo={NSErrorFailingURLStringKey=<*>, NSErrorFailingURLKey=<*>, _kCFStreamErrorCodeKey=<*>, _kCFStreamErrorDomainKey=<*>, NSLocalizedDescription=The Internet connection appears to be offline.}}, NSErrorFailingURLStringKey=<*>, NSErrorFailingURLKey=<*>, _kCFStreamErrorDomainKey=<*>, _kCFStreamErrorCodeKey=<*>, NSLocalizedDescription=The Internet connection appears to be offline.}",Mac,Unseen,,7.513443231582642
Unable to start NetBIOS name service:,Unable to start NetBIOS name service:,Mac,Unseen,Unable to start NetBIOS name service:,0.6968076229095459
"[Accounts] Failed to update account with identifier 76FE6715-3D27-4F21-AA35-C88C1EA820E8, error: Error Domain=ABAddressBookErrorDomain Code=1002 ""(null)""","[Accounts] Failed to update account with identifier <*>-<*>-<*>-<*>-<*>, error: Error Domain=ABAddressBookErrorDomain Code=<*> ""(<*>)""",Mac,Unseen,"[Accounts] Failed to update account with identifier <*> <*> error: Error Domain=ABAddressBookErrorDomain Code=1002 ""(null)""",1.8792414665222168
"NETWORK: requery, 0, 0, 0, 0, 302, items, fQueryRetries, 0, fLastRetryTimestamp, 521048292.6","NETWORK: requery, <*>, <*>, <*>, <*>, <*>, items, fQueryRetries, <*>, fLastRetryTimestamp, <*>",Mac,Unseen,"NETWORK: requery, <*>, <*>, <*>, <*>, <*>, items, fQueryRetries, <*>, fLastRetryTimestamp, <*>",1.9858291149139404
"NETWORK: requery, 0, 0, 0, 0, 291, items, fQueryRetries, 0, fLastRetryTimestamp, 521048893.3","NETWORK: requery, <*>, <*>, <*>, <*>, <*>, items, fQueryRetries, <*>, fLastRetryTimestamp, <*>",Mac,Unseen,"NETWORK: requery, <*>, <*>, <*>, <*>, <*>, items, fQueryRetries, <*>, <*>, <*>",1.797330379486084
2017-07-06 09:24:14.417 ksfetch[36728/0x7fff79824000] [lvl=2] main() ksfetch fetching URL (<NSMutableURLRequest: 0x100602220> { URL: https://tools.google.com/service/update2?cup2hreq=f5e83ec64ff3fc5533a3c206134a6517e274f9e1cb53df857e15049b6e4c9f8e&cup2key=7:1721929288 }) to folder:/tmp/KSOutOfProcessFetcher.aPWod5QMh1/download,<*>-<*>-<*> <*>:<*>:<*> ksfetch[<*>/<*>] [lvl=<*>] main() ksfetch fetching URL (<NSMutableURLRequest: <*> { URL: <*> }) to folder:<*>,Mac,Unseen,<*>-<*>-<*> <*>:<*>:<*> ksfetch[<*>/<*>] [lvl=<*>] main() ksfetch fetching URL (<NSMutableURLRequest: <*>> { URL: <*>>) to folder:<*>,3.043976306915283
Location icon should now be in state 'Active',Location icon should now be in state 'Active',Mac,Unseen,Location icon should now be in state '<*>',0.752190113067627
ARPT: 739157.867474: wlc_dump_aggfifo:,ARPT: <*>: wlc_dump_aggfifo:,Mac,Unseen,ARPT: <*>: wlc_dump_aggfifo:,0.8104236125946045
__42-[NETClientConnection evaluateCrazyIvan46]_block_invoke CI46 - Hit by torpedo! QQ.10018 tc24039 112.90.78.169:8080,<*>-[NETClientConnection <*>]_block_invoke CI46 - Hit by torpedo! <*> <*> <*>:<*>,Mac,Unseen,__<*>-[NETClientConnection evaluateCrazyIvan46]_block_invoke CI46 - Hit by torpedo! QQ.<*> tc24039 <*>:<*>,2.2068793773651123
ARPT: 739253.582611: wlc_dump_aggfifo:,ARPT: <*>: wlc_dump_aggfifo:,Mac,Unseen,ARPT: <*>: wlc_dump_aggfifo:,0.8090119361877441
"ARPT: 740034.911245: wl0: setup_keepalive: interval 900, retry_interval 30, retry_count 10","ARPT: <*>: wl0: setup_keepalive: interval <*>, retry_interval <*>, retry_count <*>",Mac,Unseen,"ARPT: <*>: wl0: setup_keepalive: interval <*>, retry_interval <*>, retry_count <*>",1.4867663383483887
"2017-07-06 14:57:16.661 GoogleSoftwareUpdateAgent[37059/0x7000002a0000] [lvl=2] -[KSOutOfProcessFetcher(PrivateMethods) helperDidTerminate:] KSOutOfProcessFetcher fetch ended for URL: ""https://tools.google.com/service/update2?cup2hreq=37fbcb7ab6829be04567976e3212d7a67627aef11546f8b7013d4cffaf51f739&cup2key=7:4200177539""","<*>-<*>-<*> <*>:<*>:<*> GoogleSoftwareUpdateAgent[<*>/<*>] [lvl=<*>] -[KSOutOfProcessFetcher(PrivateMethods) helperDidTerminate:] KSOutOfProcessFetcher fetch ended for URL: ""<*>""",Mac,Unseen,"<*>-<*>-<*> <*>:<*>:<*> GoogleSoftwareUpdateAgent[<*>/<*>] [lvl=<*>] -[KSOutOfProcessFetcher(PrivateMethods) helperDidTerminate:] KSOutOfProcessFetcher fetch ended for URL: ""<*>?cup2hreq=<*>&cup2key=<*>:<>",4.348586320877075
"ARPT: 740174.102665: wl0: MDNS: 0 SRV Recs, 0 TXT Recs","ARPT: <*>: wl0: MDNS: <*> SRV Recs, <*> TXT Recs",Mac,Unseen,"ARPT: <*>: wl0: MDNS: <*> SRV Recs, <*> TXT Recs",1.4315974712371826
AppleCamIn::wakeEventHandlerThread,AppleCamIn::wakeEventHandlerThread,Mac,Unseen,AppleCamIn::wakeEventHandlerThread,0.5628476142883301
RTC: PowerByCalendarDate setting ignored,RTC: PowerByCalendarDate setting ignored,Mac,Unseen,RTC: PowerByCalendarDate setting ignored,0.6265537738800049
__42-[NETClientConnection evaluateCrazyIvan46]_block_invoke CI46 - Hit by torpedo! QQ.10018 tc24283 119.81.102.227:80,<*>-[NETClientConnection <*>]_block_invoke CI46 - Hit by torpedo! <*> <*> <*>:<*>,Mac,Unseen,__<*>-[NETClientConnection evaluateCrazyIvan<*>]_block_invoke CI<*> - Hit by torpedo! QQ.<*> tc<*> <*>:<*>,2.3397443294525146
"NETWORK: requery, 0, 0, 0, 0, 302, items, fQueryRetries, 0, fLastRetryTimestamp, 521080983.6","NETWORK: requery, <*>, <*>, <*>, <*>, <*>, items, fQueryRetries, <*>, fLastRetryTimestamp, <*>",Mac,Unseen,"NETWORK: requery, <*>, <*>, <*>, <*>, <*>, items, fQueryRetries, <*>, fLastRetryTimestamp, <*>",1.9947843551635742
"NETWORK: requery, 0, 0, 0, 0, 300, items, fQueryRetries, 0, fLastRetryTimestamp, 521081581.2","NETWORK: requery, <*>, <*>, <*>, <*>, <*>, items, fQueryRetries, <*>, fLastRetryTimestamp, <*>",Mac,Unseen,"NETWORK: requery, <*> <*> <*> <*> <*> <*> items, fQueryRetries, <*> <*> fLastRetryTimestamp, <*>",1.742431402206421
Sandbox: com.apple.WebKit(9854) deny(1) file-read-data /private/etc/hosts,Sandbox: <*>(<*>) deny(<*>) file-read-data <*>,Mac,Unseen,Sandbox: com.apple.WebKit(<*>) deny(<*>) file-read-data <*>,1.2415237426757812
2017-07-06 06:22:57.163367 PM [AirPlayUIAgent] BecomingInactive: NSWorkspaceWillSleepNotification,<*>-<*>-<*> <*>:<*>:<*> PM [AirPlayUIAgent] BecomingInactive: NSWorkspaceWillSleepNotification,Mac,Unseen,<*>-<*>-<*> <*>:<*>:<*> [AirPlayUIAgent] BecomingInactive: NSWorkspaceWillSleepNotification,1.8644475936889648
full wake request (reason 2) 30914 ms,full wake request (reason <*>) <*> ms,Mac,Unseen,full wake request (reason <*>) <*> ms,0.6878602504730225
Wake reason: RTC (Alarm),Wake reason: RTC (Alarm),Mac,Unseen,Wake reason: <*> (Alarm),0.5607373714447021
RTC: PowerByCalendarDate setting ignored,RTC: PowerByCalendarDate setting ignored,Mac,Unseen,RTC: PowerByCalendarDate setting ignored,0.6280796527862549
"SOSAccountThisDeviceCanSyncWithCircle sync with device failure: Error Domain=com.apple.security.sos.error Code=1035 ""Account identity not set"" UserInfo={NSDescription=Account identity not set}","SOSAccountThisDeviceCanSyncWithCircle sync with device failure: Error Domain=com.apple.security.sos.error Code=<*> ""Account identity not set"" UserInfo={NSDescription=Account identity not set}",Mac,Unseen,"SOSAccountThisDeviceCanSyncWithCircle sync with device failure: Error Domain=com.apple.security.sos.error Code=<*> ""Account identity not set"" UserInfo={NSDescription=Account identity not set}",2.7487192153930664
KeychainGetICDPStatus: status: off,KeychainGetICDPStatus: status: off,Mac,Unseen,KeychainGetICDPStatus: status: off,0.7467930316925049
Location icon should now be in state 'Active',Location icon should now be in state 'Active',Mac,Unseen,Location icon should now be in state 'Active',0.7443323135375977
"2017-07-06 20:46:03.869 GoogleSoftwareUpdateAgent[37316/0x7000002a0000] [lvl=2] -[KSOutOfProcessFetcher beginFetchWithDelegate:] KSOutOfProcessFetcher start fetch from URL: ""https://tools.google.com/service/update2?cup2hreq=5e15fbe422c816bef7c133cfffdb516e16923579b9be2dfae4d7d8d211b25017&cup2key=7:780377214""","<*>-<*>-<*> <*>:<*>:<*> GoogleSoftwareUpdateAgent[<*>/<*>] [lvl=<*>] -[KSOutOfProcessFetcher beginFetchWithDelegate:] KSOutOfProcessFetcher start fetch from URL: ""<*>""",Mac,Unseen,"<*>-<*>-<*> <*>:<*>:<*> GoogleSoftwareUpdateAgent[<*>/<*>] [lvl=<*>] -[KSOutOfProcessFetcher beginFetchWithDelegate:] KSOutOfProcessFetcher start fetch from URL: ""<*>?cup2hreq=<*>&cup2key=<*>:<>",4.198007106781006
"NETWORK: requery, 0, 0, 0, 0, 291, items, fQueryRetries, 0, fLastRetryTimestamp, 521092126.3","NETWORK: requery, <*>, <*>, <*>, <*>, <*>, items, fQueryRetries, <*>, fLastRetryTimestamp, <*>",Mac,Unseen,"NETWORK: requery, <*>, <*>, <*>, <*>, <*>, items, fQueryRetries, <*>, fLastRetryTimestamp, <*>",1.9936590194702148
"Page bounds {{0, 0}, {400, 400}}","Page bounds {{<*>, <*>}, {<*>, <*>}}",Mac,Unseen,"Page bounds {{<>, <>}, {<>, <>}}",0.9919083118438721
[com.apple.calendar.store.log.caldav.queue] [Account xpc_ben@163.com@https://caldav.163.com/caldav/principals/users/xpc_ben%40163.com/ timed out when executing operation: <CalDAVAccountRefreshQueueableOperation: 0x7fa11f9f2290; Sequence: 0>],[com.apple.calendar.store.log.caldav.queue] [Account <*> timed out when executing operation: <CalDAVAccountRefreshQueueableOperation: <*>; Sequence: <*>],Mac,Unseen,[<*>] [<*>] [Account <*>@<*> timed out when executing operation: <*>],1.444275140762329
"[com.apple.calendar.store.log.caldav.queue] [Account refresh failed with error: Error Domain=CoreDAVHTTPStatusErrorDomain Code=502 ""(null)"" UserInfo={AccountName=163, CalDAVErrFromRefresh=YES, CoreDAVHTTPHeaders=<CFBasicHash 0x7fa11fe7a810 [0x7fff7abc1440]>{type = immutable dict, count = 5, entries => 0 : Connection = <CFString 0x7fff7ab1aea0 [0x7fff7abc1440]>{contents = ""keep-alive""} 3 : Content-Type = text/html 4 : Content-Length = 166 5 : Server = nginx 6 : Date = <CFString 0x7fa11ac2ab80 [0x7fff7abc1440]>{contents = ""Fri, 07 Jul 2017 05:32:43 GMT""} } }]","[com.apple.calendar.store.log.caldav.queue] [Account refresh failed with error: Error Domain=CoreDAVHTTPStatusErrorDomain Code=<*> ""(<*>)"" UserInfo={AccountName=<*>, CalDAVErrFromRefresh=YES, CoreDAVHTTPHeaders=<CFBasicHash <*> [<*>]>{type = immutable dict, count = <*>, entries => <*> : Connection = <CFString <*> [<*>]>{contents = ""keep-alive""} <*> : Content-Type = text/html <*> : Content-Length = <*> <*> : Server = nginx <*> : Date = <CFString <*> [<*>]>{contents = ""<*> <*> <*>:<*>:<*> GMT""} } }]",Mac,Unseen,"[<*>] [Account refresh failed with error: Error Domain=<*> Code=<*> ""<*> UserInfo={AccountName=<*>, CalDAVErrFromRefresh=<*>, CoreDAVHTTPHeaders=<CFBasicHash <*>>{type = immutable dict, count = <*>, entries => <*> : Connection = <*>, <*> : Content-Type = text/html <*> : Content-Length = <*> <*> : Server = <*> <*> : Date = <*> <*>}}]",5.747278451919556
"Page bounds {{0, 0}, {400, 400}}","Page bounds {{<*>, <*>}, {<*>, <*>}}",Mac,Unseen,"Page bounds {{<*>,<*>}, {<*>,<*>}}",0.995934009552002
tcp_connection_destination_handle_tls_close_notify 111 closing socket due to TLS CLOSE_NOTIFY alert,tcp_connection_destination_handle_tls_close_notify <*> closing socket due to TLS CLOSE_NOTIFY alert,Mac,Unseen,tcp_connection_destination_handle_tls_close_notify <*> closing socket due to TLS CLOSE_NOTIFY alert,1.1236798763275146
"CCFile::copyFile fileName is [2017-07-07_00,52,55.450817]-CCIOReporter-001.xml, source path:/var/log/CoreCapture/com.apple.iokit.IO80211Family/OneStats//[2017-07-07_00,52,55.450817]-CCIOReporter-001.xml, dest path:/Library/Logs/CrashReporter/CoreCapture/com.apple.iokit.IO80211Family/[2017-07-07_00,52,54.449889]=AuthFail:sts:5_rsn:0/OneStats//[2017-07-07_00,52,55.450817]-CCIOReporter-001.xml","CCFile::copyFile fileName is [<*>-<*>-<*>,<*>,<*>]-<*>, source path:<*>, dest path:<*>",Mac,Unseen,"CCFile::copyFile fileName is <*>-CCIOReporter-<*>, source path:<*>-CCIOReporter-<*>, dest path:<*>-CCIOReporter-<*>=AuthFail:sts:<*>_rsn:<*>",3.1165964603424072
"2017-07-07 01:47:40.090 GoogleSoftwareUpdateAgent[37644/0x7000002a0000] [lvl=2] -[KSOutOfProcessFetcher beginFetchWithDelegate:] KSOutOfProcessFetcher start fetch from URL: ""https://tools.google.com/service/update2?cup2hreq=c30943ccd5e0a03e93b6be3e2b7e2127989f08f1bde99263ffee091de8b8bc39&cup2key=7:1039900771""","<*>-<*>-<*> <*>:<*>:<*> GoogleSoftwareUpdateAgent[<*>/<*>] [lvl=<*>] -[KSOutOfProcessFetcher beginFetchWithDelegate:] KSOutOfProcessFetcher start fetch from URL: ""<*>""",Mac,Unseen,,7.567285060882568
RTC: PowerByCalendarDate setting ignored,RTC: PowerByCalendarDate setting ignored,Mac,Unseen,RTC: PowerByCalendarDate setting ignored,0.6228573322296143
AppleCamIn::wakeEventHandlerThread,AppleCamIn::wakeEventHandlerThread,Mac,Unseen,AppleCamIn::wakeEventHandlerThread,0.5656239986419678
AppleCamIn::wakeEventHandlerThread,AppleCamIn::wakeEventHandlerThread,Mac,Unseen,AppleCamIn::wakeEventHandlerThread,0.5640749931335449
Location icon should now be in state 'Active',Location icon should now be in state 'Active',Mac,Unseen,Location icon should now be in state 'Active',0.7456879615783691
AppleCamIn::wakeEventHandlerThread,AppleCamIn::wakeEventHandlerThread,Mac,Unseen,AppleCamIn::wakeEventHandlerThread,0.5561935901641846
"CCDataTap::profileRemoved, Owner: com.apple.driver.AirPort.Brcm4360.0, Name: StateSnapshots","CCDataTap::profileRemoved, Owner: <*>, Name: <*>",Mac,Unseen,"CCDataTap::profileRemoved, Owner: com.apple.driver.AirPort.Brcm4360.0, Name: StateSnapshots",1.8803422451019287
RTC: PowerByCalendarDate setting ignored,RTC: PowerByCalendarDate setting ignored,Mac,Unseen,RTC: PowerByCalendarDate setting ignored,0.6372420787811279
Could not get event name for stream/token: com.apple.xpc.activity/4505: 132: Request for stale data,Could not get event name for stream/token: com.apple.xpc.activity/<*>: <*>: Request for stale data,Mac,Unseen,Could not get event name for stream/token: com.apple.xpc.activity/<*>: <*>: Request for stale data,1.5531628131866455
"NETWORK: requery, 0, 0, 0, 0, 294, items, fQueryRetries, 0, fLastRetryTimestamp, 521144227.4","NETWORK: requery, <*>, <*>, <*>, <*>, <*>, items, fQueryRetries, <*>, fLastRetryTimestamp, <*>",Mac,Unseen,"NETWORK: requery, <*>",0.49512410163879395
Error in CoreDragRemoveTrackingHandler: -1856,Error in CoreDragRemoveTrackingHandler: <*>,Mac,Unseen,Error in CoreDragRemoveTrackingHandler: <*>,0.6767394542694092
Location icon should now be in state 'Active',Location icon should now be in state 'Active',Mac,Unseen,Location icon should now be in state '<*>',0.7360858917236328
Location icon should now be in state 'Active',Location icon should now be in state 'Active',Mac,Unseen,Location icon should now be in state '<*>,0.6744229793548584
"CCFile::copyFile fileName is [2017-07-07_12,24,25.108710]-io80211Family-007.pcapng, source path:/var/log/CoreCapture/com.apple.iokit.IO80211Family/IO80211AWDLPeerManager//[2017-07-07_12,24,25.108710]-io80211Family-007.pcapng, dest path:/Library/Logs/CrashReporter/CoreCapture/com.apple.iokit.IO80211Family/[2017-07-07_12,24,29.298901]=AuthFail:sts:5_rsn:0/IO80211AWDLPeerManager//[2017-07-07_12,24,25.108710]-io80211Family-007.pcapng","CCFile::copyFile fileName is [<*>-<*>-<*>,<*>,<*>]-<*>, source path:<*>, dest path:<*>",Mac,Unseen,,7.474726915359497
"CCFile::copyFile fileName is [2017-07-07_13,40,37.052249]-io80211Family-031.pcapng, source path:/var/log/CoreCapture/com.apple.iokit.IO80211Family/IO80211AWDLPeerManager//[2017-07-07_13,40,37.052249]-io80211Family-031.pcapng, dest path:/Library/Logs/CrashReporter/CoreCapture/com.apple.iokit.IO80211Family/[2017-07-07_13,40,37.192896]=AuthFail:sts:5_rsn:0/IO80211AWDLPeerManager//[2017-07-07_13,40,37.052249]-io80211Family-031.pcapng","CCFile::copyFile fileName is [<*>-<*>-<*>,<*>,<*>]-<*>, source path:<*>, dest path:<*>",Mac,Unseen,"CCFile::copyFile fileName is <*>, source path:<*>, dest path:<*>",1.2468860149383545
Captive: CNPluginHandler en0: Authenticated,Captive: CNPluginHandler en0: Authenticated,Mac,Unseen,Captive: CNPluginHandler en0: Authenticated,0.8199195861816406
ARPT: 770802.879782: wlc_dump_aggfifo:,ARPT: <*>: wlc_dump_aggfifo:,Mac,Unseen,ARPT: <*>: wlc_dump_aggfifo:,0.8186323642730713
"ARPT: 771388.849884: wl0: setup_keepalive: interval 900, retry_interval 30, retry_count 10","ARPT: <*>: wl0: setup_keepalive: interval <*>, retry_interval <*>, retry_count <*>",Mac,Unseen,"ARPT: <*>: wl0: setup_keepalive: interval <*>, retry_interval <*>, retry_count <*>",1.5116968154907227
"ARPT: 771631.938256: IOPMPowerSource Information: onSleep,  SleepType: Normal Sleep,  'ExternalConnected': No, 'TimeRemaining': 9235,","ARPT: <*>: IOPMPowerSource Information: onSleep, SleepType: Normal Sleep, 'ExternalConnected': No, 'TimeRemaining': <*>,",Mac,Unseen,"ARPT: <*>: IOPMPowerSource Information: onSleep,  SleepType: Normal Sleep,  'ExternalConnected': No, 'TimeRemaining': <*>",2.2686045169830322
AppleCamIn::wakeEventHandlerThread,AppleCamIn::wakeEventHandlerThread,Mac,Unseen,AppleCamIn::wakeEventHandlerThread,0.567739725112915
Unable to start NetBIOS name service:,Unable to start NetBIOS name service:,Mac,Unseen,Unable to start NetBIOS name service:,0.6929254531860352
"PBRequester failed with Error Error Domain=NSURLErrorDomain Code=-1009 ""The Internet connection appears to be offline."" UserInfo={NSUnderlyingError=0x7fb7f0035dc0 {Error Domain=kCFErrorDomainCFNetwork Code=-1009 ""The Internet connection appears to be offline."" UserInfo={NSErrorFailingURLStringKey=https://gs-loc.apple.com/clls/wloc, NSErrorFailingURLKey=https://gs-loc.apple.com/clls/wloc, _kCFStreamErrorCodeKey=8, _kCFStreamErrorDomainKey=12, NSLocalizedDescription=The Internet connection appears to be offline.}}, NSErrorFailingURLStringKey=https://gs-loc.apple.com/clls/wloc, NSErrorFailingURLKey=https://gs-loc.apple.com/clls/wloc, _kCFStreamErrorDomainKey=12, _kCFStreamErrorCodeKey=8, NSLocalizedDescription=The Internet connection appears to be offline.}","PBRequester failed with Error Error Domain=NSURLErrorDomain Code=<*> ""The Internet connection appears to be offline."" UserInfo={NSUnderlyingError=<*> {Error Domain=kCFErrorDomainCFNetwork Code=<*> ""The Internet connection appears to be offline."" UserInfo={NSErrorFailingURLStringKey=<*>, NSErrorFailingURLKey=<*>, _kCFStreamErrorCodeKey=<*>, _kCFStreamErrorDomainKey=<*>, NSLocalizedDescription=The Internet connection appears to be offline.}}, NSErrorFailingURLStringKey=<*>, NSErrorFailingURLKey=<*>, _kCFStreamErrorDomainKey=<*>, _kCFStreamErrorCodeKey=<*>, NSLocalizedDescription=The Internet connection appears to be offline.}",Mac,Unseen,,7.542210817337036
"CCFile::copyFile fileName is [2017-07-07_16,24,11.442212]-AirPortBrcm4360_Logs-001.txt, source path:/var/log/CoreCapture/com.apple.driver.AirPort.Brcm4360.0/DriverLogs//[2017-07-07_16,24,11.442212]-AirPortBrcm4360_Logs-001.txt, dest path:/Library/Logs/CrashReporter/CoreCapture/com.apple.driver.AirPort.Brcm4360.0/[2017-07-07_16,24,11.124183]=AssocFail:sts:2_rsn:0/DriverLogs//[2017-07-07_16,24,11.442212]-AirPortBrcm4360_Logs-001.txt","CCFile::copyFile fileName is [<*>-<*>-<*>,<*>,<*>]-<*>, source path:<*>, dest path:<*>",Mac,Unseen,,7.576137065887451
"CCFile::captureLog Received Capture notice id: 1499469856.145137, reason = AssocFail:sts:2_rsn:0","CCFile::captureLog Received Capture notice id: <*>, reason = AssocFail:sts:<NUM>_rsn:<NUM>",Mac,Unseen,"CCFile::captureLog Received Capture notice id: <*>.<*>, reason = AssocFail:sts:<*>_rsn:<*>",1.8087217807769775
KeychainGetICDPStatus: status: off,KeychainGetICDPStatus: status: off,Mac,Unseen,KeychainGetICDPStatus: status: off,0.744558572769165
RTC: PowerByCalendarDate setting ignored,RTC: PowerByCalendarDate setting ignored,Mac,Unseen,RTC: PowerByCalendarDate setting ignored,0.6280574798583984
[com.apple.calendar.store.log.caldav.coredav] [Refusing to parse response to PROPPATCH because of content-type: [text/html; charset=UTF-8].],[com.apple.calendar.store.log.caldav.coredav] [Refusing to parse response to PROPPATCH because of content-type: [text/html; charset=UTF-<*>].],Mac,Unseen,[<*>] [Refusing to parse response to PROPPATCH because of content-type: [<*>].],1.546292781829834
"NETWORK: requery, 0, 0, 0, 0, 328, items, fQueryRetries, 0, fLastRetryTimestamp, 521177334.4","NETWORK: requery, <*>, <*>, <*>, <*>, <*>, items, fQueryRetries, <*>, fLastRetryTimestamp, <*>",Mac,Unseen,"NETWORK: requery, <*>",0.49233531951904297
"NSURLSession/NSURLConnection HTTP load failed (kCFStreamErrorDomainSSL, -9806)","NSURLSession/NSURLConnection HTTP load failed (kCFStreamErrorDomainSSL, <*>)",Mac,Unseen,"<*> HTTP load failed (<*>, <*>)",0.7385435104370117
"schedule invalidation <DYTransport 0x7f89e8c00520, error: lost transport connection (31)>","schedule invalidation <DYTransport <*>, error: lost transport connection (<*>)>",Mac,Unseen,schedule invalidation <DYTransport <*> error: lost transport connection (<*>),1.033118724822998
KeychainGetICDPStatus: status: off,KeychainGetICDPStatus: status: off,Mac,Unseen,KeychainGetICDPStatus: status: off,0.7320308685302734
<<<< MediaValidator >>>> mv_ValidateRFC4281CodecId: Unrecognized codec 1.(null). Failed codec specific check.,<<<< MediaValidator >>>> <*>: Unrecognized codec <*>.(<*>). Failed codec specific check.,Mac,Unseen,<<<< MediaValidator >>>> mv_ValidateRFC4281CodecId: Unrecognized codec <*>.<*>. Failed codec specific check.,1.700960636138916
"ARPT: 783991.995027: wl0: setup_keepalive: interval 900, retry_interval 30, retry_count 10","ARPT: <*>: wl0: setup_keepalive: interval <*>, retry_interval <*>, retry_count <*>",Mac,Unseen,"ARPT: <*>: wl0: setup_keepalive: interval <*>, retry_interval <*>, retry_count <*>",1.4761266708374023
"ARPT: 784055.560270: IOPMPowerSource Information: onSleep,  SleepType: Normal Sleep,  'ExternalConnected': No, 'TimeRemaining': 5600,","ARPT: <*>: IOPMPowerSource Information: onSleep, SleepType: Normal Sleep, 'ExternalConnected': No, 'TimeRemaining': <*>,",Mac,Unseen,"ARPT: <*>: IOPMPowerSource Information: onSleep, SleepType: Normal Sleep, 'ExternalConnected': No, 'TimeRemaining': <*>",2.0726099014282227
AppleThunderboltNHIType2::waitForOk2Go2Sx - intel_rp = 1 dlla_reporting_supported = 0,<*>::<*> - intel_rp = <*> dlla_reporting_supported = <*>,Mac,Unseen,AppleThunderboltNHIType2::waitForOk2Go2Sx - intel_rp = <*> dlla_reporting_supported = <*>,1.705350637435913
ARPT: 784486.498066: wlc_dump_aggfifo:,ARPT: <*>: wlc_dump_aggfifo:,Mac,Unseen,ARPT: <*>: wlc_dump_aggfifo:,0.7946159839630127
**** [BroadcomBluetoothHostControllerUSBTransport][start] -- Completed (matched on Device) -- 0x3800 ****,**** [BroadcomBluetoothHostControllerUSBTransport][start] -- Completed (matched on Device) -- <*> ****,Mac,Unseen,**** [BroadcomBluetoothHostControllerUSBTransport][start] -- Completed (matched on Device) -- <*> ****,1.5001306533813477
"CCFile::copyFile fileName is [2017-07-08_02,32,47.528554]-CCIOReporter-003.xml, source path:/var/log/CoreCapture/com.apple.iokit.IO80211Family/OneStats//[2017-07-08_02,32,47.528554]-CCIOReporter-003.xml, dest path:/Library/Logs/CrashReporter/CoreCapture/com.apple.iokit.IO80211Family/[2017-07-08_02,32,46.517498]=AssocFail:sts:2_rsn:0/OneStats//[2017-07-08_02,32,47.528554]-CCIOReporter-003.xml","CCFile::copyFile fileName is [<*>-<*>-<*>,<*>,<*>]-<*>, source path:<*>, dest path:<*>",Mac,Unseen,"CCFile::copyFile fileName is <*>, source path:<*>, dest path:<*>",1.2460834980010986
did discard act 12083 inact 17640 purgeable 20264 spec 28635 cleaned 0,did discard act <*> inact <*> purgeable <*> spec <*> cleaned <*>,Mac,Unseen,did discard act <*> inact <*> purgeable <*> spec <*> cleaned <*>,1.0018231868743896
"CCDataTap::profileRemoved, Owner: com.apple.iokit.IO80211Family, Name: AssociationEventHistory","CCDataTap::profileRemoved, Owner: <*>, Name: <*>",Mac,Unseen,"CCDataTap::profileRemoved, Owner: <*>, Name: AssociationEventHistory",1.1121881008148193
**** [BroadcomBluetoothHostControllerUSBTransport][start] -- Completed (matched on Device) -- 0x8800 ****,**** [BroadcomBluetoothHostControllerUSBTransport][start] -- Completed (matched on Device) -- <*> ****,Mac,Unseen,**** [BroadcomBluetoothHostControllerUSBTransport][start] -- Completed (matched on Device) -- <*> ****,1.506603717803955
Wake reason: ARPT (Network),Wake reason: ARPT (Network),Mac,Unseen,Wake reason: ARPT (Network),0.6350300312042236
Captive: CNPluginHandler en0: Authenticated,Captive: CNPluginHandler en0: Authenticated,Mac,Unseen,Captive: CNPluginHandler en0: Authenticated,0.8143792152404785
__42-[NETClientConnection evaluateCrazyIvan46]_block_invoke CI46 - Hit by torpedo! QQ.10018 tc25995 121.51.36.148:443,<*>-[NETClientConnection <*>]_block_invoke CI46 - Hit by torpedo! <*> <*> <*>:<*>,Mac,Unseen,__<*>-[NETClientConnection evaluateCrazyIvan46]_block_invoke CI46 - Hit by torpedo! QQ.<*> tc<*> <*>:<*>,2.169590950012207
hibernate_machine_init reading,hibernate_machine_init reading,Mac,Unseen,hibernate_machine_init reading,0.5052313804626465
vm_compressor_fastwake_warmup completed - took 12461 msecs,vm_compressor_fastwake_warmup completed - took <*> msecs,Mac,Unseen,vm_compressor_fastwake_warmup completed - took <*> msecs,0.9916291236877441
"CCFile::captureLog Received Capture notice id: 1499518522.558304, reason = AssocFail:sts:2_rsn:0","CCFile::captureLog Received Capture notice id: <*>, reason = AssocFail:sts:<NUM>_rsn:<NUM>",Mac,Unseen,"CCFile::captureLog Received Capture notice id: <*>.<*>, reason = AssocFail:sts:<*>_rsn:<*>",1.8092424869537354
"CCFile::copyFile fileName is [2017-07-08_05,55,23.694116]-io80211Family-002.pcapng, source path:/var/log/CoreCapture/com.apple.iokit.IO80211Family/IO80211AWDLPeerManager//[2017-07-08_05,55,23.694116]-io80211Family-002.pcapng, dest path:/Library/Logs/CrashReporter/CoreCapture/com.apple.iokit.IO80211Family/[2017-07-08_05,56,40.163377]=AssocFail:sts:2_rsn:0/IO80211AWDLPeerManager//[2017-07-08_05,55,23.694116]-io80211Family-002.pcapng","CCFile::copyFile fileName is [<*>-<*>-<*>,<*>,<*>]-<*>, source path:<*>, dest path:<*>",Mac,Unseen,,7.594980239868164
Captive: CNPluginHandler en0: Authenticated,Captive: CNPluginHandler en0: Authenticated,Mac,Unseen,Captive: CNPluginHandler en0: Authenticated,0.8048467636108398
"Unable to simultaneously satisfy constraints: ( ""<NSAutoresizingMaskLayoutConstraint:0x7f9d574e5370 h=-&- v=-&- V:[NSScrollView:0x7f9d64abe480]-(11)-|   (Names: '|':NSView:0x7f9d6a9cc340 )>"", ""<NSAutoresizingMaskLayoutConstraint:0x7f9d7561a270 h=-&- v=-&- V:|-(45)-[NSScrollView:0x7f9d64abe480]   (Names: '|':NSView:0x7f9d6a9cc340 )>"", ""<NSAutoresizingMaskLayoutConstraint:0x7f9d6aa2cf10 h=-&- v=--& V:[NSView:0x7f9d53160e30(0)]>"", ""<NSAutoresizingMaskLayoutConstraint:0x7f9d75652870 h=-&- v=-&- V:|-(0)-[NSView:0x7f9d6a9cc340]   (Names: '|':NSView:0x7f9d53160e30 )>"", ""<NSAutoresizingMaskLayoutConstraint:0x7f9d77ef8f50 h=-&- v=-&- V:[NSView:0x7f9d6a9cc340]-(0)-|   (Names: '|':NSView:0x7f9d53160e30 )>"" )  Will attempt to recover by breaking constraint <NSAutoresizingMaskLayoutConstraint:0x7f9d7561a270 h=-&- v=-&- V:|-(45)-[NSScrollView:0x7f9d64abe480]   (Names: '|':NSView:0x7f9d6a9cc340 )>  Set the NSUserDefault NSConstraintBasedLayoutVisualizeMutuallyExclusiveConstraints to YES to have -[NSWindow visualizeConstraints:] automatically called when this happens.  And/or, break on objc_exception_throw to catch this in the debugger.","Unable to simultaneously satisfy constraints: ( ""<NSAutoresizingMaskLayoutConstraint:<*> h=-&- v=-&- V:[NSScrollView:<*>]-(<*>)-| (Names: '|':NSView:<*> )>"", ""<NSAutoresizingMaskLayoutConstraint:<*> h=-&- v=-&- V:|-(<*>)-[NSScrollView:<*>] (Names: '|':NSView:<*> )>"", ""<NSAutoresizingMaskLayoutConstraint:<*> h=-&- v=--& V:[NSView:<*>(<*>)]>"", ""<NSAutoresizingMaskLayoutConstraint:<*> h=-&- v=-&- V:|-(<*>)-[NSView:<*>] (Names: '|':NSView:<*> )>"", ""<NSAutoresizingMaskLayoutConstraint:<*> h=-&- v=-&- V:[NSView:<*>]-(<*>)-| (Names: '|':NSView:<*> )>"" ) Will attempt to recover by breaking constraint <NSAutoresizingMaskLayoutConstraint:<*> h=-&- v=-&- V:|-(<*>)-[NSScrollView:<*>] (Names: '|':NSView:<*> )> Set the NSUserDefault NSConstraintBasedLayoutVisualizeMutuallyExclusiveConstraints to YES to have -[NSWindow visualizeConstraints:] automatically called when this happens. And/or, break on objc_exception_throw to catch this in the debugger.",Mac,Unseen,,7.54258131980896
[com.apple.calendar.store.log.caldav.coredav] [Refusing to parse response to PROPPATCH because of content-type: [text/html; charset=UTF-8].],[com.apple.calendar.store.log.caldav.coredav] [Refusing to parse response to PROPPATCH because of content-type: [text/html; charset=UTF-<*>].],Mac,Unseen,[<*>] [Refusing to parse response to PROPPATCH because of content-type: [<*>].],1.5729799270629883
"SOSAccountThisDeviceCanSyncWithCircle sync with device failure: Error Domain=com.apple.security.sos.error Code=1035 ""Account identity not set"" UserInfo={NSDescription=Account identity not set}","SOSAccountThisDeviceCanSyncWithCircle sync with device failure: Error Domain=com.apple.security.sos.error Code=<*> ""Account identity not set"" UserInfo={NSDescription=Account identity not set}",Mac,Unseen,"SOSAccountThisDeviceCanSyncWithCircle sync with device failure: Error Domain=com.apple.security.sos.error Code=<*> ""Account identity not set"" UserInfo={NSDescription=Account identity not set}",2.691086530685425
Wake reason: RTC (Alarm),Wake reason: RTC (Alarm),Mac,Unseen,Wake reason: <*> (Alarm),0.5625371932983398
AppleCamIn::wakeEventHandlerThread,AppleCamIn::wakeEventHandlerThread,Mac,Unseen,AppleCamIn::wakeEventHandlerThread,0.5782654285430908
