Content,EventTemplate,Dataset,Category,Unseen_LLAMA_FT_Mac_3,Inference_time_3
"ARPT: 620896.311264: wl0: MDNS: 0 SRV Recs, 0 TXT Recs","ARPT: <*>: wl0: MDNS: <*> SRV Recs, <*> TXT Recs",Mac,Unseen,"ARPT: <*>: wl0: MDNS: <*> SRV Recs, <*> TXT Recs",1.553551435470581
[09:21:58.929] <<<< CRABS >>>> crabsFlumeHostAvailable: [0x7f961cf08cf0] Byte flume reports host available again.,[<*>:<*>:<*>] <<<< CRABS >>>> crabsFlumeHostAvailable: [<*>] Byte flume reports host available again.,Mac,Unseen,[<*>:<*>:<*>] <<<< CRABS >>>> crabsFlumeHostAvailable: [<*>] Byte flume reports host available again.,2.250438690185547
"network_reachability_changed : network is not reachable, netbiosd is shutting down","network_reachability_changed : network is not reachable, netbiosd is shutting down",Mac,Unseen,"network_reachability_changed : network is not reachable, netbiosd is shutting down",1.2661983966827393
AppleThunderboltNHIType2::waitForOk2Go2Sx - intel_rp = 1 dlla_reporting_supported = 0,<*>::<*> - intel_rp = <*> dlla_reporting_supported = <*>,Mac,Unseen,AppleThunderboltNHIType2::waitForOk2Go2Sx - intel_rp = <*> dlla_reporting_supported = <*>,1.846529245376587
AppleCamIn::wakeEventHandlerThread,AppleCamIn::wakeEventHandlerThread,Mac,Unseen,AppleCamIn::wakeEventHandlerThread,0.6079003810882568
"SOSAccountThisDeviceCanSyncWithCircle sync with device failure: Error Domain=com.apple.security.sos.error Code=1035 ""Account identity not set"" UserInfo={NSDescription=Account identity not set}","SOSAccountThisDeviceCanSyncWithCircle sync with device failure: Error Domain=com.apple.security.sos.error Code=<*> ""Account identity not set"" UserInfo={NSDescription=Account identity not set}",Mac,Unseen,"SOSAccountThisDeviceCanSyncWithCircle sync with device failure: Error Domain=com.apple.security.sos.error Code=<*> ""Account identity not set"" UserInfo={NSDescription=Account identity not set}",2.827997922897339
"ARPT: 626126.086205: wl0: setup_keepalive: interval 900, retry_interval 30, retry_count 10","ARPT: <*>: wl0: setup_keepalive: interval <*>, retry_interval <*>, retry_count <*>",Mac,Unseen,"ARPT: <*>: wl0: setup_keepalive: interval <*>, retry_interval <*>, retry_count <*>",1.5863053798675537
__42-[NETClientConnection evaluateCrazyIvan46]_block_invoke CI46 - Hit by torpedo! QQ.10018 tc19060 125.39.133.143:14000,<*>-[NETClientConnection <*>]_block_invoke CI46 - Hit by torpedo! <*> <*> <*>:<*>,Mac,Unseen,__<*>-[NETClientConnection evaluateCrazyIvan<*>]_block_invoke CI<*> - Hit by torpedo! QQ.<*> tc<*> <*>:<*>,2.4773998260498047
CCXPCService::setStreamEventHandler Registered for notification callback.,CCXPCService::setStreamEventHandler Registered for notification callback.,Mac,Unseen,CCXPCService::setStreamEventHandler Registered for notification callback.,0.9982876777648926
"SOSAccountThisDeviceCanSyncWithCircle sync with device failure: Error Domain=com.apple.security.sos.error Code=1035 ""Account identity not set"" UserInfo={NSDescription=Account identity not set}","SOSAccountThisDeviceCanSyncWithCircle sync with device failure: Error Domain=com.apple.security.sos.error Code=<*> ""Account identity not set"" UserInfo={NSDescription=Account identity not set}",Mac,Unseen,"SOSAccountThisDeviceCanSyncWithCircle sync with device failure: Error Domain=com.apple.security.sos.error Code=<*> ""Account identity not set"" UserInfo={NSDescription=Account identity not set}",2.799948215484619
AppleCamIn::wakeEventHandlerThread,AppleCamIn::wakeEventHandlerThread,Mac,Unseen,AppleCamIn::wakeEventHandlerThread,0.6266918182373047
"ARPT: 626908.045241: wl0: setup_keepalive: interval 900, retry_interval 30, retry_count 10","ARPT: <*>: wl0: setup_keepalive: interval <*>, retry_interval <*>, retry_count <*>",Mac,Unseen,"ARPT: <*>: wl0: setup_keepalive: interval <*>, retry_interval <*>, retry_count <*>",1.5731735229492188
RTC: PowerByCalendarDate setting ignored,RTC: PowerByCalendarDate setting ignored,Mac,Unseen,RTC: PowerByCalendarDate setting ignored,0.6753425598144531
Location icon should now be in state 'Active',Location icon should now be in state 'Active',Mac,Unseen,Location icon should now be in state '<*>',0.8142852783203125
PMStats: Hibernate read took 197 ms,PMStats: Hibernate read took <*> ms,Mac,Unseen,PMStats: Hibernate read took <*> ms,0.6782958507537842
"SOSAccountThisDeviceCanSyncWithCircle sync with device failure: Error Domain=com.apple.security.sos.error Code=1035 ""Account identity not set"" UserInfo={NSDescription=Account identity not set}","SOSAccountThisDeviceCanSyncWithCircle sync with device failure: Error Domain=com.apple.security.sos.error Code=<*> ""Account identity not set"" UserInfo={NSDescription=Account identity not set}",Mac,Unseen,"SOSAccountThisDeviceCanSyncWithCircle sync with device failure: Error Domain=<*> Code=<*> ""<*>"" UserInfo={NSDescription=<*>}",2.2101473808288574
[com.apple.calendar.store.log.caldav.coredav] [Refusing to parse response to PROPPATCH because of content-type: [text/html; charset=UTF-8].],[com.apple.calendar.store.log.caldav.coredav] [Refusing to parse response to PROPPATCH because of content-type: [text/html; charset=UTF-<*>].],Mac,Unseen,[<*>] [Refusing to parse response to PROPPATCH because of content-type: [<*>].],1.6295900344848633
"NETWORK: requery, 0, 0, 0, 0, 250, items, fQueryRetries, 0, fLastRetryTimestamp, 520665636.6","NETWORK: requery, <*>, <*>, <*>, <*>, <*>, items, fQueryRetries, <*>, fLastRetryTimestamp, <*>",Mac,Unseen,"NETWORK: requery, <*>, <*>",0.6721885204315186
Wake reason: RTC (Alarm),Wake reason: RTC (Alarm),Mac,Unseen,Wake reason: RTC (Alarm),0.6071248054504395
"NETWORK: requery, 0, 0, 0, 0, 250, items, fQueryRetries, 0, fLastRetryTimestamp, 520708962.7","NETWORK: requery, <*>, <*>, <*>, <*>, <*>, items, fQueryRetries, <*>, fLastRetryTimestamp, <*>",Mac,Unseen,"NETWORK: requery, <*>, <*>, <*>, <*>, <*>, items, fQueryRetries, <*>, fLastRetryTimestamp, <*>",2.090280532836914
"ARPT: 645791.413780: IOPMPowerSource Information: onSleep,  SleepType: Normal Sleep,  'ExternalConnected': No, 'TimeRemaining': 156,","ARPT: <*>: IOPMPowerSource Information: onSleep, SleepType: Normal Sleep, 'ExternalConnected': No, 'TimeRemaining': <*>,",Mac,Unseen,"ARPT: <*>: IOPMPowerSource Information: onSleep,  SleepType: Normal Sleep,  '<*>': No, '<*>': <*>",2.223571538925171
Captive: CNPluginHandler en0: Authenticated,Captive: CNPluginHandler en0: Authenticated,Mac,Unseen,Captive: CNPluginHandler en0: Authenticated,0.8691670894622803
Location icon should now be in state 'Active',Location icon should now be in state 'Active',Mac,Unseen,Location icon should now be in state 'Active',0.8051085472106934
"ARPT: 646292.668059: wl0: MDNS: 0 SRV Recs, 0 TXT Recs","ARPT: <*>: wl0: MDNS: <*> SRV Recs, <*> TXT Recs",Mac,Unseen,"ARPT: <*>: wl0: MDNS: <*> SRV Recs, <*> TXT Recs",1.5282666683197021
Location icon should now be in state 'Active',Location icon should now be in state 'Active',Mac,Unseen,Location icon should now be in state '<*>,0.7513716220855713
Location icon should now be in state 'Active',Location icon should now be in state 'Active',Mac,Unseen,Location icon should now be in state 'Active',0.8155746459960938
"SOSAccountThisDeviceCanSyncWithCircle sync with device failure: Error Domain=com.apple.security.sos.error Code=1035 ""Account identity not set"" UserInfo={NSDescription=Account identity not set}","SOSAccountThisDeviceCanSyncWithCircle sync with device failure: Error Domain=com.apple.security.sos.error Code=<*> ""Account identity not set"" UserInfo={NSDescription=Account identity not set}",Mac,Unseen,"SOSAccountThisDeviceCanSyncWithCircle sync with device failure: Error Domain=<*> Code=<*> ""<*>"" UserInfo={NSDescription=<*>}",2.1671650409698486
2017-07-02 15:46:41.445 ksfetch[32435/0x7fff79824000] [lvl=2] main() ksfetch fetching URL (<NSMutableURLRequest: 0x1005110b0> { URL: https://tools.google.com/service/update2?cup2hreq=53f725cf03f511fab16f19e789ce64aa1eed72395fc246e9f1100748325002f4&cup2key=7:1132320327 }) to folder:/tmp/KSOutOfProcessFetcher.YH2CjY1tnx/download,<*>-<*>-<*> <*>:<*>:<*> ksfetch[<*>/<*>] [lvl=<*>] main() ksfetch fetching URL (<NSMutableURLRequest: <*> { URL: <*> }) to folder:<*>,Mac,Unseen,<*>-<*>-<*> <*>:<*>:<*> ksfetch[<*>/<*>] [lvl=<*>] main() ksfetch fetching URL (<NSMutableURLRequest: <*>) { URL: <*> } to folder:<*>,3.1751174926757812
Location icon should now be in state 'Active',Location icon should now be in state 'Active',Mac,Unseen,Location icon should now be in state '<*>,0.7422943115234375
Location icon should now be in state 'Active',Location icon should now be in state 'Active',Mac,Unseen,Location icon should now be in state '<*>,0.7398924827575684
AppleThunderboltNHIType2::waitForOk2Go2Sx - intel_rp = 1 dlla_reporting_supported = 0,<*>::<*> - intel_rp = <*> dlla_reporting_supported = <*>,Mac,Unseen,AppleThunderboltNHIType2::waitForOk2Go2Sx - intel_rp = <*> dlla_reporting_supported = <*>,1.852752447128296
CCXPCService::setStreamEventHandler Registered for notification callback.,CCXPCService::setStreamEventHandler Registered for notification callback.,Mac,Unseen,CCXPCService::setStreamEventHandler Registered for notification callback.,1.010671854019165
"ARPT: 661856.313502: wl0: MDNS: 0 SRV Recs, 0 TXT Recs","ARPT: <*>: wl0: MDNS: <*> SRV Recs, <*> TXT Recs",Mac,Unseen,"ARPT: <*>: wl0: MDNS: <*> SRV Recs, <*> TXT Recs",1.5179758071899414
AppleThunderboltNHIType2::waitForOk2Go2Sx - intel_rp = 1 dlla_reporting_supported = 0,<*>::<*> - intel_rp = <*> dlla_reporting_supported = <*>,Mac,Unseen,AppleThunderboltNHIType2::waitForOk2Go2Sx - intel_rp = <*> dlla_reporting_supported = <*>,1.8118064403533936
AppleCamIn::wakeEventHandlerThread,AppleCamIn::wakeEventHandlerThread,Mac,Unseen,AppleCamIn::wakeEventHandlerThread,0.6159267425537109
Location icon should now be in state 'Active',Location icon should now be in state 'Active',Mac,Unseen,Location icon should now be in state 'Active',0.8255417346954346
"PBRequester failed with Error Error Domain=NSURLErrorDomain Code=-1009 ""The Internet connection appears to be offline."" UserInfo={NSUnderlyingError=0x7fe13512cf70 {Error Domain=kCFErrorDomainCFNetwork Code=-1009 ""The Internet connection appears to be offline."" UserInfo={NSErrorFailingURLStringKey=https://gsp-ssl.ls.apple.com/dispatcher.arpc, NSErrorFailingURLKey=https://gsp-ssl.ls.apple.com/dispatcher.arpc, _kCFStreamErrorCodeKey=8, _kCFStreamErrorDomainKey=12, NSLocalizedDescription=The Internet connection appears to be offline.}}, NSErrorFailingURLStringKey=https://gsp-ssl.ls.apple.com/dispatcher.arpc, NSErrorFailingURLKey=https://gsp-ssl.ls.apple.com/dispatcher.arpc, _kCFStreamErrorDomainKey=12, _kCFStreamErrorCodeKey=8, NSLocalizedDescription=The Internet connection appears to be offline.}","PBRequester failed with Error Error Domain=NSURLErrorDomain Code=<*> ""The Internet connection appears to be offline."" UserInfo={NSUnderlyingError=<*> {Error Domain=kCFErrorDomainCFNetwork Code=<*> ""The Internet connection appears to be offline."" UserInfo={NSErrorFailingURLStringKey=<*>, NSErrorFailingURLKey=<*>, _kCFStreamErrorCodeKey=<*>, _kCFStreamErrorDomainKey=<*>, NSLocalizedDescription=The Internet connection appears to be offline.}}, NSErrorFailingURLStringKey=<*>, NSErrorFailingURLKey=<*>, _kCFStreamErrorDomainKey=<*>, _kCFStreamErrorCodeKey=<*>, NSLocalizedDescription=The Internet connection appears to be offline.}",Mac,Unseen,,7.807785987854004
Location icon should now be in state 'Active',Location icon should now be in state 'Active',Mac,Unseen,Location icon should now be in state '<*>',0.8043556213378906
"SOSAccountThisDeviceCanSyncWithCircle sync with device failure: Error Domain=com.apple.security.sos.error Code=1035 ""Account identity not set"" UserInfo={NSDescription=Account identity not set}","SOSAccountThisDeviceCanSyncWithCircle sync with device failure: Error Domain=com.apple.security.sos.error Code=<*> ""Account identity not set"" UserInfo={NSDescription=Account identity not set}",Mac,Unseen,"SOSAccountThisDeviceCanSyncWithCircle sync with device failure: Error Domain=com.apple.security.sos.error Code=<*> ""Account identity not set"" UserInfo={NSDescription=Account identity not set}",2.801151752471924
"Configuration Notice: ASL Module ""com.apple.performance"" claims selected messages. Those messages may not appear in standard system log files or in the ASL database.","Configuration Notice: ASL Module ""<*>"" claims selected messages. Those messages may not appear in standard system log files or in the ASL database.",Mac,Unseen,"Configuration Notice: ASL Module ""<*>"" claims selected messages. Those messages may not appear in standard system log files or in the ASL database.",2.089282274246216
"ARPT: 671856.784669: IOPMPowerSource Information: onSleep,  SleepType: Normal Sleep,  'ExternalConnected': No, 'TimeRemaining': 18011,","ARPT: <*>: IOPMPowerSource Information: onSleep, SleepType: Normal Sleep, 'ExternalConnected': No, 'TimeRemaining': <*>,",Mac,Unseen,"ARPT: <*>: IOPMPowerSource Information: onSleep, SleepType: Normal Sleep, 'ExternalConnected': No, 'TimeRemaining': <*>,",2.283768653869629
"ARPT: 672041.595629: wl0: setup_keepalive: interval 258, retry_interval 30, retry_count 10","ARPT: <*>: wl0: setup_keepalive: interval <*>, retry_interval <*>, retry_count <*>",Mac,Unseen,"ARPT: <*>: wl0: setup_keepalive: interval <*>, retry_interval <*>, retry_count <*>",1.5829241275787354
"ARPT: 672113.005012: wl0: setup_keepalive: interval 258, retry_interval 30, retry_count 10","ARPT: <*>: wl0: setup_keepalive: interval <*>, retry_interval <*>, retry_count <*>",Mac,Unseen,"ARPT: <*>: wl0: setup_keepalive: interval <*>, retry_interval <*>, retry_count <*>",1.6086235046386719
AppleCamIn::wakeEventHandlerThread,AppleCamIn::wakeEventHandlerThread,Mac,Unseen,AppleCamIn::wakeEventHandlerThread,0.6237618923187256
"NETWORK: requery, 0, 0, 0, 0, 252, items, fQueryRetries, 0, fLastRetryTimestamp, 520765684.9","NETWORK: requery, <*>, <*>, <*>, <*>, <*>, items, fQueryRetries, <*>, fLastRetryTimestamp, <*>",Mac,Unseen,"NETWORK: requery, <*>, <*>, <*>, <*>, <*>, items, fQueryRetries, <*>, fLastRetryTimestamp, <*>",2.1144473552703857
AppleCamIn::wakeEventHandlerThread,AppleCamIn::wakeEventHandlerThread,Mac,Unseen,AppleCamIn::wakeEventHandlerThread,0.6144599914550781
RTC: PowerByCalendarDate setting ignored,RTC: PowerByCalendarDate setting ignored,Mac,Unseen,RTC: PowerByCalendarDate setting ignored,0.6820709705352783
"ARPT: 672922.026642: wl0: MDNS: 0 SRV Recs, 0 TXT Recs","ARPT: <*>: wl0: MDNS: <*> SRV Recs, <*> TXT Recs",Mac,Unseen,"ARPT: <*>: wl0: MDNS: <*> SRV Recs, <*> TXT Recs",1.514786720275879
"NETWORK: requery, 0, 0, 0, 0, 252, items, fQueryRetries, 0, fLastRetryTimestamp, 520783088.4","NETWORK: requery, <*>, <*>, <*>, <*>, <*>, items, fQueryRetries, <*>, fLastRetryTimestamp, <*>",Mac,Unseen,"NETWORK: requery, <*>",0.5534429550170898
"ARPT: 673399.580233: IOPMPowerSource Information: onSleep,  SleepType: Normal Sleep,  'ExternalConnected': No, 'TimeRemaining': 13027,","ARPT: <*>: IOPMPowerSource Information: onSleep, SleepType: Normal Sleep, 'ExternalConnected': No, 'TimeRemaining': <*>,",Mac,Unseen,"ARPT: <*>: IOPMPowerSource Information: onSleep, SleepType: Normal Sleep, 'ExternalConnected': No, 'TimeRemaining': <*>,",2.267241954803467
"ARPT: 673493.721766: wl0: MDNS: 0 SRV Recs, 0 TXT Recs","ARPT: <*>: wl0: MDNS: <*> SRV Recs, <*> TXT Recs",Mac,Unseen,"ARPT: <*>: wl0: MDNS: <*> SRV Recs, <*> TXT Recs",1.509284496307373
AppleCamIn::wakeEventHandlerThread,AppleCamIn::wakeEventHandlerThread,Mac,Unseen,AppleCamIn::wakeEventHandlerThread,0.6213431358337402
[11:31:49.593] itemasync_CopyProperty signalled err=-12785 (kFigBaseObjectError_Invalidated) (invalidated) at /Library/Caches/com.apple.xbs/Sources/CoreMedia/CoreMedia-1731.15.207/Prototypes/Player/FigPlayer_Async.c line 2092,[<*>:<*>:<*>] itemasync_CopyProperty signalled err=<*> (kFigBaseObjectError_Invalidated) (invalidated) at <*> line <*>,Mac,Unseen,[<*>:<*>:<*>] itemasync_CopyProperty signalled err=<*> (kFigBaseObjectError_Invalidated) (<*>) at <*> line <*>,2.3695716857910156
[11:34:44.290] itemasync_CopyProperty signalled err=-12785 (kFigBaseObjectError_Invalidated) (invalidated) at /Library/Caches/com.apple.xbs/Sources/CoreMedia/CoreMedia-1731.15.207/Prototypes/Player/FigPlayer_Async.c line 2092,[<*>:<*>:<*>] itemasync_CopyProperty signalled err=<*> (kFigBaseObjectError_Invalidated) (invalidated) at <*> line <*>,Mac,Unseen,[<*>:<*>:<*>] itemasync_CopyProperty signalled err=<*> (kFigBaseObjectError_Invalidated) (invalidated) at <*:*:*:*> line <*>,2.6995980739593506
[11:58:36.563] itemasync_CopyProperty signalled err=-12785 (kFigBaseObjectError_Invalidated) (invalidated) at /Library/Caches/com.apple.xbs/Sources/CoreMedia/CoreMedia-1731.15.207/Prototypes/Player/FigPlayer_Async.c line 2092,[<*>:<*>:<*>] itemasync_CopyProperty signalled err=<*> (kFigBaseObjectError_Invalidated) (invalidated) at <*> line <*>,Mac,Unseen,[<*>:<*>:<*>] itemasync_CopyProperty signalled err=-12785 (kFigBaseObjectError_Invalidated) (invalidated) at <*> line <*>,2.52713942527771
[12:11:47.043] itemasync_CopyProperty signalled err=-12785 (kFigBaseObjectError_Invalidated) (invalidated) at /Library/Caches/com.apple.xbs/Sources/CoreMedia/CoreMedia-1731.15.207/Prototypes/Player/FigPlayer_Async.c line 2092,[<*>:<*>:<*>] itemasync_CopyProperty signalled err=<*> (kFigBaseObjectError_Invalidated) (invalidated) at <*> line <*>,Mac,Unseen,[<*>:<*>:<*>] itemasync_CopyProperty signalled err=<*> (kFigBaseObjectError_Invalidated) (invalidated) at <*> line <*>,2.4132134914398193
"Unexpected payload found for message 9, dataLen 0","Unexpected payload found for message <*>, dataLen <*>",Mac,Unseen,"Unexpected payload found for message <*>, dataLen <*>",0.7963898181915283
Internal name did not resolve to internal address!,Internal name did not resolve to internal address!,Mac,Unseen,Internal name did not resolve to internal address!,0.7519652843475342
__42-[NETClientConnection evaluateCrazyIvan46]_block_invoke CI46 - Hit by torpedo! QQ.10018 tc20795 14.17.42.14:14000,<*>-[NETClientConnection <*>]_block_invoke CI46 - Hit by torpedo! <*> <*> <*>:<*>,Mac,Unseen,__<*>-[NETClientConnection evaluateCrazyIvan46]_block_invoke CI46 - Hit by torpedo! QQ.<*> tc<*> <*>:<*>,2.352116107940674
"CCFile::copyFile fileName is [2017-07-03_13,48,39.308188]-io80211Family-002.pcapng, source path:/var/log/CoreCapture/com.apple.iokit.IO80211Family/IO80211AWDLPeerManager//[2017-07-03_13,48,39.308188]-io80211Family-002.pcapng, dest path:/Library/Logs/CrashReporter/CoreCapture/com.apple.iokit.IO80211Family/[2017-07-03_13,50,14.954481]=AssocFail:sts:2_rsn:0/IO80211AWDLPeerManager//[2017-07-03_13,48,39.308188]-io80211Family-002.pcapng","CCFile::copyFile fileName is [<*>-<*>-<*>,<*>,<*>]-<*>, source path:<*>, dest path:<*>",Mac,Unseen,"CCFile::copyFile fileName is [<*>], source path:<*>, dest path:<*>",1.4109246730804443
"SOSAccountThisDeviceCanSyncWithCircle sync with device failure: Error Domain=com.apple.security.sos.error Code=1035 ""Account identity not set"" UserInfo={NSDescription=Account identity not set}","SOSAccountThisDeviceCanSyncWithCircle sync with device failure: Error Domain=com.apple.security.sos.error Code=<*> ""Account identity not set"" UserInfo={NSDescription=Account identity not set}",Mac,Unseen,"SOSAccountThisDeviceCanSyncWithCircle sync with device failure: Error Domain=<*> Code=<*> ""Account identity not set"" UserInfo={NSDescription=Account identity not set}",2.53643536567688
"<<<< FigByteStream >>>> FigByteStreamStatsLogOneRead: ByteStream read of 4812 bytes @ 358800 took 1.053312 secs. to complete, 5 reads >= 1 sec.","<<<< FigByteStream >>>> FigByteStreamStatsLogOneRead: ByteStream read of <*> bytes @ <*> took <*> <*> to complete, <*> reads >= <*> sec.",Mac,Unseen,"<<<< FigByteStream >>>> FigByteStreamStatsLogOneRead: ByteStream read of <*> bytes @ <*> took <*> secs. to complete, <*> reads >= <*> sec.",2.406020402908325
AppleThunderboltNHIType2::waitForOk2Go2Sx - intel_rp = 1 dlla_reporting_supported = 0,<*>::<*> - intel_rp = <*> dlla_reporting_supported = <*>,Mac,Unseen,AppleThunderboltNHIType2::waitForOk2Go2Sx - intel_rp = <*> dlla_reporting_supported = <*>,1.830146074295044
AppleCamIn::wakeEventHandlerThread,AppleCamIn::wakeEventHandlerThread,Mac,Unseen,AppleCamIn::wakeEventHandlerThread,0.6176919937133789
"CCFile::copyFile fileName is [2017-07-03_15,47,15.246620]-AirPortBrcm4360_Logs-007.txt, source path:/var/log/CoreCapture/com.apple.driver.AirPort.Brcm4360.0/DriverLogs//[2017-07-03_15,47,15.246620]-AirPortBrcm4360_Logs-007.txt, dest path:/Library/Logs/CrashReporter/CoreCapture/com.apple.driver.AirPort.Brcm4360.0/[2017-07-03_15,47,15.349129]=AuthFail:sts:5_rsn:0/DriverLogs//[2017-07-03_15,47,15.246620]-AirPortBrcm4360_Logs-007.txt","CCFile::copyFile fileName is [<*>-<*>-<*>,<*>,<*>]-<*>, source path:<*>, dest path:<*>",Mac,Unseen,"CCFile::copyFile fileName is <*>-AirPortBrcm4360_Logs-007.txt, source path:/var/log/CoreCapture/com.apple.driver.AirPort.Brcm4360.0/DriverLogs//<*>, dest path:/Library/Logs/CrashReporter/CoreCapture/com.apple.driver.AirPort.Brcm4360.0/<*>-AuthFail:sts:<*>_rsn:<*>/DriverLogs//<*>-AirPortBrcm4360_Logs-007.txt",6.971036911010742
"<<<< FigByteStream >>>> FigByteStreamStatsLogOneRead: ByteStream read of 4321 bytes @ 48 took 0.607292 sec. to complete, 7 reads >= 0.5 sec.","<<<< FigByteStream >>>> FigByteStreamStatsLogOneRead: ByteStream read of <*> bytes @ <*> took <*> <*> to complete, <*> reads >= <*> sec.",Mac,Unseen,"<<<< FigByteStream >>>> FigByteStreamStatsLogOneRead: ByteStream read of <*> bytes @ <*> took <*> sec. to complete, <*> reads >= <*> sec.",2.4203274250030518
AppleCamIn::wakeEventHandlerThread,AppleCamIn::wakeEventHandlerThread,Mac,Unseen,AppleCamIn::wakeEventHandlerThread,0.6154351234436035
"CCFile::copyFile fileName is [2017-07-03_16,06,19.861073]-CCIOReporter-008.xml, source path:/var/log/CoreCapture/com.apple.iokit.IO80211Family/OneStats//[2017-07-03_16,06,19.861073]-CCIOReporter-008.xml, dest path:/Library/Logs/CrashReporter/CoreCapture/com.apple.iokit.IO80211Family/[2017-07-03_16,07,33.914349]=AuthFail:sts:5_rsn:0/OneStats//[2017-07-03_16,06,19.861073]-CCIOReporter-008.xml","CCFile::copyFile fileName is [<*>-<*>-<*>,<*>,<*>]-<*>, source path:<*>, dest path:<*>",Mac,Unseen,"CCFile::copyFile fileName is <*>-CCIOReporter-<*>.xml, source path:*/var/log/CoreCapture/com.apple.iokit.IO80211Family/OneStats//<*>-CCIOReporter-<*>.xml, dest path:/Library/Logs/CrashReporter/CoreCapture/com.apple.iokit.IO80211Family/<*>-AuthFail:sts:<*>_rsn:<*>/OneStats//<*>-CCIOReporter-<*>.xml",6.25673246383667
"CCFile::copyFile fileName is [2017-07-03_16,07,38.954579]-io80211Family-016.pcapng, source path:/var/log/CoreCapture/com.apple.iokit.IO80211Family/IO80211AWDLPeerManager//[2017-07-03_16,07,38.954579]-io80211Family-016.pcapng, dest path:/Library/Logs/CrashReporter/CoreCapture/com.apple.iokit.IO80211Family/[2017-07-03_16,07,39.094895]=AuthFail:sts:5_rsn:0/IO80211AWDLPeerManager//[2017-07-03_16,07,38.954579]-io80211Family-016.pcapng","CCFile::copyFile fileName is [<*>-<*>-<*>,<*>,<*>]-<*>, source path:<*>, dest path:<*>",Mac,Unseen,"CCFile::copyFile fileName is <*>, source path:<*>, dest path:<*>",1.3380467891693115
"CCFile::copyFile fileName is [2017-07-03_16,07,39.096792]-CCIOReporter-017.xml, source path:/var/log/CoreCapture/com.apple.iokit.IO80211Family/OneStats//[2017-07-03_16,07,39.096792]-CCIOReporter-017.xml, dest path:/Library/Logs/CrashReporter/CoreCapture/com.apple.iokit.IO80211Family/[2017-07-03_16,07,39.171995]=AuthFail:sts:5_rsn:0/OneStats//[2017-07-03_16,07,39.096792]-CCIOReporter-017.xml","CCFile::copyFile fileName is [<*>-<*>-<*>,<*>,<*>]-<*>, source path:<*>, dest path:<*>",Mac,Unseen,"CCFile::copyFile fileName is <*>, source path:<*>, dest path:<*>",1.352412462234497
ARPT: 682834.192587: wlc_dump_aggfifo:,ARPT: <*>: wlc_dump_aggfifo:,Mac,Unseen,ARPT: <*>: wlc_dump_aggfifo:,0.8737525939941406
"CCFile::copyFile fileName is [2017-07-03_16,07,46.105103]-CCIOReporter-032.xml, source path:/var/log/CoreCapture/com.apple.iokit.IO80211Family/OneStats//[2017-07-03_16,07,46.105103]-CCIOReporter-032.xml, dest path:/Library/Logs/CrashReporter/CoreCapture/com.apple.iokit.IO80211Family/[2017-07-03_16,07,46.298508]=AuthFail:sts:5_rsn:0/OneStats//[2017-07-03_16,07,46.105103]-CCIOReporter-032.xml","CCFile::copyFile fileName is [<*>-<*>-<*>,<*>,<*>]-<*>, source path:<*>, dest path:<*>",Mac,Unseen,,7.833026170730591
"CCFile::copyFile fileName is [2017-07-03_16,27,04.995982]-io80211Family-040.pcapng, source path:/var/log/CoreCapture/com.apple.iokit.IO80211Family/IO80211AWDLPeerManager//[2017-07-03_16,27,04.995982]-io80211Family-040.pcapng, dest path:/Library/Logs/CrashReporter/CoreCapture/com.apple.iokit.IO80211Family/[2017-07-03_16,27,05.123034]=AuthFail:sts:5_rsn:0/IO80211AWDLPeerManager//[2017-07-03_16,27,04.995982]-io80211Family-040.pcapng","CCFile::copyFile fileName is [<*>-<*>-<*>,<*>,<*>]-<*>, source path:<*>, dest path:<*>",Mac,Unseen,"CCFile::copyFile fileName is <*>-io80211Family-<*>, source path:<*>, dest path:<*>",1.8040127754211426
ARPT: 682977.654133: wlc_dump_aggfifo:,ARPT: <*>: wlc_dump_aggfifo:,Mac,Unseen,ARPT: <*>: wlc_dump_aggfifo:,0.8755030632019043
"CCFile::copyFile fileName is [2017-07-03_16,27,09.910337]-AirPortBrcm4360_Logs-047.txt, source path:/var/log/CoreCapture/com.apple.driver.AirPort.Brcm4360.0/DriverLogs//[2017-07-03_16,27,09.910337]-AirPortBrcm4360_Logs-047.txt, dest path:/Library/Logs/CrashReporter/CoreCapture/com.apple.driver.AirPort.Brcm4360.0/[2017-07-03_16,27,10.162319]=AuthFail:sts:5_rsn:0/DriverLogs//[2017-07-03_16,27,09.910337]-AirPortBrcm4360_Logs-047.txt","CCFile::copyFile fileName is [<*>-<*>-<*>,<*>,<*>]-<*>, source path:<*>, dest path:<*>",Mac,Unseen,"CCFile::copyFile fileName is <*>, source path:<*>, dest path:<*>",1.385359764099121
Captive: CNPluginHandler en0: Authenticated,Captive: CNPluginHandler en0: Authenticated,Mac,Unseen,Captive: CNPluginHandler en0: Authenticated,0.8717525005340576
__42-[NETClientConnection evaluateCrazyIvan46]_block_invoke CI46 - Hit by torpedo! NeteaseMusic.17988 tc9008 103.251.128.144:80,<*>-[NETClientConnection <*>]_block_invoke CI46 - Hit by torpedo! <*> <*> <*>:<*>,Mac,Unseen,<*> - Hit by torpedo! NeteaseMusic.<*> tc<*>:<*>,1.3603177070617676
"ARPT: 683239.026135: wl0: MDNS: 0 SRV Recs, 0 TXT Recs","ARPT: <*>: wl0: MDNS: <*> SRV Recs, <*> TXT Recs",Mac,Unseen,"ARPT: <*>: wl0: MDNS: <*> SRV Recs, <*> TXT Recs",1.5320427417755127
hibernate_flush_memory: buffer_cache_gc freed up 13202 wired pages,hibernate_flush_memory: buffer_cache_gc freed up <*> wired pages,Mac,Unseen,hibernate_flush_memory: buffer_cache_gc freed up <*> wired pages,1.0708904266357422
hibernate_machine_init reading,hibernate_machine_init reading,Mac,Unseen,hibernate_machine_init reading,0.5461716651916504
hibernate_flush_memory: buffer_cache_gc freed up 3349 wired pages,hibernate_flush_memory: buffer_cache_gc freed up <*> wired pages,Mac,Unseen,hibernate_flush_memory: buffer_cache_gc freed up <*> wired pages,1.0708906650543213
hciControllerOnline; HID devices? 0,hciControllerOnline; HID devices? <*>,Mac,Unseen,hciControllerOnline; HID devices? <*>,0.6770238876342773
"polled file major 1, minor 0, blocksize 4096, pollers 5","polled file major <*>, minor <*>, blocksize <*>, pollers <*>",Mac,Unseen,"polled file major <*>, minor <*>, blocksize <*>, pollers <*>",1.1931726932525635
"SOSAccountThisDeviceCanSyncWithCircle sync with device failure: Error Domain=com.apple.security.sos.error Code=1035 ""Account identity not set"" UserInfo={NSDescription=Account identity not set}","SOSAccountThisDeviceCanSyncWithCircle sync with device failure: Error Domain=com.apple.security.sos.error Code=<*> ""Account identity not set"" UserInfo={NSDescription=Account identity not set}",Mac,Unseen,"SOSAccountThisDeviceCanSyncWithCircle sync with device failure: Error Domain=<*> Code=<*> ""<*> Account identity not set <*>",1.9555583000183105
__42-[NETClientConnection evaluateCrazyIvan46]_block_invoke CI46 - Hit by torpedo! QQ.10018 tc21242 119.81.102.227:80,<*>-[NETClientConnection <*>]_block_invoke CI46 - Hit by torpedo! <*> <*> <*>:<*>,Mac,Unseen,__<*>-[NETClientConnection evaluateCrazyIvan<*>]_block_invoke CI<*> - Hit by torpedo! QQ.<*> tc<*> <*>:<*>,2.406799077987671
Wake reason: ARPT (Network),Wake reason: ARPT (Network),Mac,Unseen,Wake reason: ARPT (Network),0.6764302253723145
"CCFile::copyFile fileName is [2017-07-03_19,04,57.722196]-io80211Family-018.pcapng, source path:/var/log/CoreCapture/com.apple.iokit.IO80211Family/IO80211AWDLPeerManager//[2017-07-03_19,04,57.722196]-io80211Family-018.pcapng, dest path:/Library/Logs/CrashReporter/CoreCapture/com.apple.iokit.IO80211Family/[2017-07-03_19,05,37.535347]=AuthFail:sts:2_rsn:0/IO80211AWDLPeerManager//[2017-07-03_19,04,57.722196]-io80211Family-018.pcapng","CCFile::copyFile fileName is [<*>-<*>-<*>,<*>,<*>]-<*>, source path:<*>, dest path:<*>",Mac,Unseen,CCFile::copyFile fileName is <*> source path:<*> dest path:<*>,1.2459666728973389
RTC: PowerByCalendarDate setting ignored,RTC: PowerByCalendarDate setting ignored,Mac,Unseen,RTC: PowerByCalendarDate setting ignored,0.7171726226806641
BuildActDeviceEntry enter,BuildActDeviceEntry enter,Mac,Unseen,BuildActDeviceEntry enter,0.4866509437561035
Captive: CNPluginHandler en0: Authenticated,Captive: CNPluginHandler en0: Authenticated,Mac,Unseen,Captive: CNPluginHandler en0: Authenticated,0.8801653385162354
KeychainGetICDPStatus: status: off,KeychainGetICDPStatus: status: off,Mac,Unseen,KeychainGetICDPStatus: status: off,0.81097412109375
"CCFile::copyFile fileName is [2017-07-03_21,30,41.859869]-CCIOReporter-002.xml, source path:/var/log/CoreCapture/com.apple.iokit.IO80211Family/OneStats//[2017-07-03_21,30,41.859869]-CCIOReporter-002.xml, dest path:/Library/Logs/CrashReporter/CoreCapture/com.apple.iokit.IO80211Family/[2017-07-03_21,30,40.703152]=AuthFail:sts:5_rsn:0/OneStats//[2017-07-03_21,30,41.859869]-CCIOReporter-002.xml","CCFile::copyFile fileName is [<*>-<*>-<*>,<*>,<*>]-<*>, source path:<*>, dest path:<*>",Mac,Unseen,"CCFile::copyFile fileName is <*>, source path:<*>, dest path:<*>",1.354539155960083
__42-[NETClientConnection evaluateCrazyIvan46]_block_invoke CI46 - Hit by torpedo! QQ.10018 tc21519 184.105.67.74:443,<*>-[NETClientConnection <*>]_block_invoke CI46 - Hit by torpedo! <*> <*> <*>:<*>,Mac,Unseen,__<*>-[NETClientConnection evaluateCrazyIvan<*>]_block_invoke CI<*> - Hit by torpedo! QQ.<*> tc<*> <*>:<*>,2.46258282661438
"NETWORK: requery, 0, 0, 0, 0, 320, items, fQueryRetries, 1, fLastRetryTimestamp, 520841203.7","NETWORK: requery, <*>, <*>, <*>, <*>, <*>, items, fQueryRetries, <*>, fLastRetryTimestamp, <*>",Mac,Unseen,"NETWORK: requery, <*>",0.5509641170501709
Location icon should now be in state 'Active',Location icon should now be in state 'Active',Mac,Unseen,Location icon should now be in state '<*>',0.8070955276489258
KeychainGetICDPStatus: status: off,KeychainGetICDPStatus: status: off,Mac,Unseen,KeychainGetICDPStatus: status: <*>,0.8011548519134521
tcp_connection_tls_session_error_callback_imp 2210 tcp_connection_tls_session_handle_read_error.790 error 60,tcp_connection_tls_session_error_callback_imp <*> tcp_connection_tls_session_handle_read_error.<*> error <*>,Mac,Unseen,tcp_connection_tls_session_error_callback_imp <*> tcp_connection_tls_session_handle_read_error.<*> error <*>,1.3904740810394287
RTC: PowerByCalendarDate setting ignored,RTC: PowerByCalendarDate setting ignored,Mac,Unseen,RTC: PowerByCalendarDate setting ignored,0.6812865734100342
AppleThunderboltNHIType2::waitForOk2Go2Sx - intel_rp = 1 dlla_reporting_supported = 0,<*>::<*> - intel_rp = <*> dlla_reporting_supported = <*>,Mac,Unseen,AppleThunderboltNHIType2::waitForOk2Go2Sx - intel_rp = <*> dlla_reporting_supported = <*>,1.848729133605957
AppleCamIn::wakeEventHandlerThread,AppleCamIn::wakeEventHandlerThread,Mac,Unseen,AppleCamIn::wakeEventHandlerThread,0.6227107048034668
"NETWORK: requery, 0, 0, 0, 0, 320, items, fQueryRetries, 1, fLastRetryTimestamp, 520871064.1","NETWORK: requery, <*>, <*>, <*>, <*>, <*>, items, fQueryRetries, <*>, fLastRetryTimestamp, <*>",Mac,Unseen,"NETWORK: requery, <*>",0.5594658851623535
Captive: CNPluginHandler en0: Authenticated,Captive: CNPluginHandler en0: Authenticated,Mac,Unseen,Captive: CNPluginHandler en0: Authenticated,0.8541603088378906
AppleCamIn::wakeEventHandlerThread,AppleCamIn::wakeEventHandlerThread,Mac,Unseen,AppleCamIn::wakeEventHandlerThread,0.6193375587463379
"ARPT: 700311.376459: wl0: MDNS: 0 SRV Recs, 0 TXT Recs","ARPT: <*>: wl0: MDNS: <*> SRV Recs, <*> TXT Recs",Mac,Unseen,"ARPT: <*>: wl0: MDNS: <*> SRV Recs, <*> TXT Recs",1.508528470993042
[10:13:05.044] <<<< CRABS >>>> crabsFlumeHostAvailable: [0x7f961cf08cf0] Byte flume reports host available again.,[<*>:<*>:<*>] <<<< CRABS >>>> crabsFlumeHostAvailable: [<*>] Byte flume reports host available again.,Mac,Unseen,[<*>:<*>:<*>] <<<< CRABS >>>> crabsFlumeHostAvailable: [<*>] Byte flume reports host available again.,2.206571102142334
AppleCamIn::wakeEventHandlerThread,AppleCamIn::wakeEventHandlerThread,Mac,Unseen,AppleCamIn::wakeEventHandlerThread,0.6108031272888184
"CCFile::captureLog Received Capture notice id: 1499192921.020010, reason = AssocFail:sts:5_rsn:0","CCFile::captureLog Received Capture notice id: <*>, reason = AssocFail:sts:<NUM>_rsn:<NUM>",Mac,Unseen,"CCFile::captureLog Received Capture notice id: <*>.<*>, reason = AssocFail:sts:<*>_rsn:<*>",1.9111137390136719
"ARPT: 702351.279867: wl0: setup_keepalive: interval 900, retry_interval 30, retry_count 10","ARPT: <*>: wl0: setup_keepalive: interval <*>, retry_interval <*>, retry_count <*>",Mac,Unseen,"ARPT: <*>: wl0: setup_keepalive: interval <*>, retry_interval <*>, retry_count <*>",1.5986263751983643
AppleCamIn::wakeEventHandlerThread,AppleCamIn::wakeEventHandlerThread,Mac,Unseen,AppleCamIn::wakeEventHandlerThread,0.6126174926757812
RTC: PowerByCalendarDate setting ignored,RTC: PowerByCalendarDate setting ignored,Mac,Unseen,RTC: PowerByCalendarDate setting ignored,0.6727609634399414
"[Accounts] Failed to update account with identifier 76FE6715-3D27-4F21-AA35-C88C1EA820E8, error: Error Domain=ABAddressBookErrorDomain Code=1002 ""(null)""","[Accounts] Failed to update account with identifier <*>-<*>-<*>-<*>-<*>, error: Error Domain=ABAddressBookErrorDomain Code=<*> ""(<*>)""",Mac,Unseen,[Accounts] Failed to update account with identifier <*> error: Error Domain=ABAddressBookErrorDomain Code=1002 <*>,1.8154959678649902
Location icon should now be in state 'Active',Location icon should now be in state 'Active',Mac,Unseen,Location icon should now be in state '<*>,0.7438855171203613
"2017-07-04 15:03:53.270 GoogleSoftwareUpdateAgent[35018/0x7000002a0000] [lvl=2] -[KSOutOfProcessFetcher(PrivateMethods) helperDidTerminate:] KSOutOfProcessFetcher fetch ended for URL: ""https://tools.google.com/service/update2?cup2hreq=a70d6372a4e45a6cbba61cd7f057c79bf73c79db1b1951dc17c605e870f0419b&cup2key=7:934679018""","<*>-<*>-<*> <*>:<*>:<*> GoogleSoftwareUpdateAgent[<*>/<*>] [lvl=<*>] -[KSOutOfProcessFetcher(PrivateMethods) helperDidTerminate:] KSOutOfProcessFetcher fetch ended for URL: ""<*>""",Mac,Unseen,"<*>-<*>-<*> <*>:<*>:<*> GoogleSoftwareUpdateAgent[<*>/<*>] [lvl=<*>] -[KSOutOfProcessFetcher(PrivateMethods) helperDidTerminate:] KSOutOfProcessFetcher fetch ended for URL: ""<*>?cup2hreq=<*>&cup2key=<*>:<*>",4.559838533401489
"NETWORK: requery, 0, 0, 0, 0, 300, items, fQueryRetries, 0, fLastRetryTimestamp, 520899307.1","NETWORK: requery, <*>, <*>, <*>, <*>, <*>, items, fQueryRetries, <*>, fLastRetryTimestamp, <*>",Mac,Unseen,"NETWORK: requery, <*>, <*>, <*>, <*>, <*>, items, fQueryRetries, <*>, fLastRetryTimestamp, <*>",2.0957460403442383
"ARPT: 711979.641310: wl0: setup_keepalive: interval 900, retry_interval 30, retry_count 10","ARPT: <*>: wl0: setup_keepalive: interval <*>, retry_interval <*>, retry_count <*>",Mac,Unseen,"ARPT: <*>: wl0: setup_keepalive: interval <*>, retry_interval <*>, retry_count <*>",1.5722095966339111
AppleCamIn::wakeEventHandlerThread,AppleCamIn::wakeEventHandlerThread,Mac,Unseen,AppleCamIn::wakeEventHandlerThread,0.6092097759246826
"SOSAccountThisDeviceCanSyncWithCircle sync with device failure: Error Domain=com.apple.security.sos.error Code=1035 ""Account identity not set"" UserInfo={NSDescription=Account identity not set}","SOSAccountThisDeviceCanSyncWithCircle sync with device failure: Error Domain=com.apple.security.sos.error Code=<*> ""Account identity not set"" UserInfo={NSDescription=Account identity not set}",Mac,Unseen,"SOSAccountThisDeviceCanSyncWithCircle sync with device failure: Error Domain=<*> Code=<*> ""Account identity not set"" UserInfo={NSDescription=Account identity not set}",2.522569417953491
"ARPT: 712526.783763: wl0: setup_keepalive: interval 900, retry_interval 30, retry_count 10","ARPT: <*>: wl0: setup_keepalive: interval <*>, retry_interval <*>, retry_count <*>",Mac,Unseen,"ARPT: <*>: wl0: setup_keepalive: interval <*>, retry_interval <*>, retry_count <*>",1.5835604667663574
"SOSAccountThisDeviceCanSyncWithCircle sync with device failure: Error Domain=com.apple.security.sos.error Code=1035 ""Account identity not set"" UserInfo={NSDescription=Account identity not set}","SOSAccountThisDeviceCanSyncWithCircle sync with device failure: Error Domain=com.apple.security.sos.error Code=<*> ""Account identity not set"" UserInfo={NSDescription=Account identity not set}",Mac,Unseen,"SOSAccountThisDeviceCanSyncWithCircle sync with device failure: Error Domain=<*> Code=<*> ""Account identity not set"" UserInfo={NSDescription=Account identity not set}",2.5348143577575684
Wake reason: RTC (Alarm),Wake reason: RTC (Alarm),Mac,Unseen,Wake reason: RTC (Alarm),0.6199734210968018
__42-[NETClientConnection evaluateCrazyIvan46]_block_invoke CI46 - Hit by torpedo! QQ.10018 tc22491 203.205.142.158:8080,<*>-[NETClientConnection <*>]_block_invoke CI46 - Hit by torpedo! <*> <*> <*>:<*>,Mac,Unseen,__<*>-[NETClientConnection evaluateCrazyIvan<*>]_block_invoke CI<*> - Hit by torpedo! QQ.<*> tc<*> <*>:<*>,2.505420446395874
[com.apple.calendar.store.log.caldav.coredav] [Refusing to parse response to PROPPATCH because of content-type: [text/html; charset=UTF-8].],[com.apple.calendar.store.log.caldav.coredav] [Refusing to parse response to PROPPATCH because of content-type: [text/html; charset=UTF-<*>].],Mac,Unseen,[<*>] [Refusing to parse response to PROPPATCH because of content-type: [<*>].],1.6714839935302734
KeychainGetICDPStatus: status: off,KeychainGetICDPStatus: status: off,Mac,Unseen,KeychainGetICDPStatus: status: off,0.8148176670074463
objc[35448]: Class TSUCustomFormatData is implemented in both /Library/QuickLook/iWork.qlgenerator/Contents/MacOS/iWork and /System/Library/PrivateFrameworks/OfficeImport.framework/Versions/A/OfficeImport. One of the two will be used. Which one is undefined.,objc[<*>]: Class TSUCustomFormatData is implemented in both <*> and <*> One of the two will be used. Which one is undefined.,Mac,Unseen,objc[<*>]: Class TSUCustomFormatData is implemented in both <*> and <*>. One of the two will be used. Which one is undefined.,2.2466588020324707
"SOSAccountThisDeviceCanSyncWithCircle sync with device failure: Error Domain=com.apple.security.sos.error Code=1035 ""Account identity not set"" UserInfo={NSDescription=Account identity not set}","SOSAccountThisDeviceCanSyncWithCircle sync with device failure: Error Domain=com.apple.security.sos.error Code=<*> ""Account identity not set"" UserInfo={NSDescription=Account identity not set}",Mac,Unseen,"SOSAccountThisDeviceCanSyncWithCircle sync with device failure: Error Domain=com.apple.security.sos.error Code=<*> ""<*>"" UserInfo={NSDescription=<*>}",2.4176061153411865
[com.apple.calendar.store.log.caldav.coredav] [Refusing to parse response to PROPPATCH because of content-type: [text/html; charset=UTF-8].],[com.apple.calendar.store.log.caldav.coredav] [Refusing to parse response to PROPPATCH because of content-type: [text/html; charset=UTF-<*>].],Mac,Unseen,[<*>] [Refusing to parse response to PROPPATCH because of content-type: [<*>].],1.6434035301208496
"<<<< FigByteStream >>>> FigByteStreamStatsLogOneRead: ByteStream read of 21335 bytes @ 5481561 took 0.501237 sec. to complete, 16 reads >= 0.5 sec.","<<<< FigByteStream >>>> FigByteStreamStatsLogOneRead: ByteStream read of <*> bytes @ <*> took <*> <*> to complete, <*> reads >= <*> sec.",Mac,Unseen,"<<<< FigByteStream >>>> FigByteStreamStatsLogOneRead: ByteStream read of <*> bytes @ <*> took <*> sec. to complete, <*> reads >= <*> sec.",2.457533836364746
-deviceDeltaY is deprecated for NSScrollWheel. Please use -scrollingDeltaY.,<*>-deviceDeltaY is deprecated for NSScrollWheel. Please use -scrollingDeltaY.,Mac,Unseen,-deviceDeltaY is deprecated for NSScrollWheel. Please use -scrollingDeltaY.,1.3344662189483643
[00:28:42.167] (Fig) signalled err=-12871,[<*>:<*>:<*>] (Fig) signalled err=<*>,Mac,Unseen,[<*>:<*>:<*>] (Fig) signalled err=<*>,1.1983165740966797
"Configuration Notice: ASL Module ""com.apple.corecdp.osx.asl"" claims selected messages. Those messages may not appear in standard system log files or in the ASL database.","Configuration Notice: ASL Module ""<*>"" claims selected messages. Those messages may not appear in standard system log files or in the ASL database.",Mac,Unseen,"Configuration Notice: ASL Module ""<*>"" claims selected messages. Those messages may not appear in standard system log files or in the ASL database.",2.0957932472229004
"NETWORK: requery, 0, 0, 0, 0, 284, items, fQueryRetries, 0, fLastRetryTimestamp, 520934130.6","NETWORK: requery, <*>, <*>, <*>, <*>, <*>, items, fQueryRetries, <*>, fLastRetryTimestamp, <*>",Mac,Unseen,"NETWORK: requery, <*>",0.5683488845825195
AppleCamIn::wakeEventHandlerThread,AppleCamIn::wakeEventHandlerThread,Mac,Unseen,AppleCamIn::wakeEventHandlerThread,0.6158454418182373
RTC: PowerByCalendarDate setting ignored,RTC: PowerByCalendarDate setting ignored,Mac,Unseen,RTC: PowerByCalendarDate setting ignored,0.679175853729248
Wake reason: RTC (Alarm),Wake reason: RTC (Alarm),Mac,Unseen,Wake reason: RTC (Alarm),0.612598180770874
**** [BroadcomBluetoothHostControllerUSBTransport][start] -- Completed (matched on Device) -- 0x6000 ****,**** [BroadcomBluetoothHostControllerUSBTransport][start] -- Completed (matched on Device) -- <*> ****,Mac,Unseen,**** [BroadcomBluetoothHostControllerUSBTransport][start] -- Completed (matched on Device) -- <*> ****,1.5733964443206787
"hibernate_newruntime_map time: 0 ms, IOPolledFilePollersOpen(), ml_get_interrupts_enabled 0","hibernate_newruntime_map time: <*> ms, IOPolledFilePollersOpen(), ml_get_interrupts_enabled <*>",Mac,Unseen,"hibernate_newruntime_map time: <*>, IOPolledFilePollersOpen(), ml_get_interrupts_enabled <*>",1.7873950004577637
Location icon should now be in state 'Active',Location icon should now be in state 'Active',Mac,Unseen,Location icon should now be in state 'Active',0.8323009014129639
"2017-07-05 10:52:15.982 GoogleSoftwareUpdateAgent[35861/0x700000323000] [lvl=2] -[KSOutOfProcessFetcher(PrivateMethods) helperDidTerminate:] KSOutOfProcessFetcher fetch ended for URL: ""https://tools.google.com/service/update2?cup2hreq=d297a7e5b56d6bd4faa75860fff6e485c301bf4e943a561afff6c8b3707ce948&cup2key=7:2988503627""","<*>-<*>-<*> <*>:<*>:<*> GoogleSoftwareUpdateAgent[<*>/<*>] [lvl=<*>] -[KSOutOfProcessFetcher(PrivateMethods) helperDidTerminate:] KSOutOfProcessFetcher fetch ended for URL: ""<*>""",Mac,Unseen,"<*>-<*>-<*> <*>:<*>:<*> GoogleSoftwareUpdateAgent[<*>/<*>] [lvl=<*>] -[KSOutOfProcessFetcher(PrivateMethods) helperDidTerminate:] KSOutOfProcessFetcher fetch ended for URL: ""<*>?cup2hreq=<*>&cup2key=<*>:<>",4.5577287673950195
2017-07-05 10:52:16.977 GoogleSoftwareUpdateAgent[35861/0x700000323000] [lvl=2] -[KSPrefetchAction performAction] KSPrefetchAction no updates to prefetch.,<*>-<*>-<*> <*>:<*>:<*> GoogleSoftwareUpdateAgent[<*>/<*>] [lvl=<*>] -[KSPrefetchAction performAction] KSPrefetchAction no updates to prefetch.,Mac,Unseen,<*>-<*>-<*> <*>:<*>:<*> GoogleSoftwareUpdateAgent[<*>/<*>] [lvl=<*>] -[KSPrefetchAction performAction] KSPrefetchAction no updates to prefetch.,3.2901153564453125
KeychainGetICDPStatus: status: off,KeychainGetICDPStatus: status: off,Mac,Unseen,KeychainGetICDPStatus: status: off,0.810652494430542
"CCFile::copyFile fileName is [2017-07-05_11,39,39.743225]-CCIOReporter-001.xml, source path:/var/log/CoreCapture/com.apple.iokit.IO80211Family/OneStats//[2017-07-05_11,39,39.743225]-CCIOReporter-001.xml, dest path:/Library/Logs/CrashReporter/CoreCapture/com.apple.iokit.IO80211Family/[2017-07-05_11,39,38.739976]=AuthFail:sts:5_rsn:0/OneStats//[2017-07-05_11,39,39.743225]-CCIOReporter-001.xml","CCFile::copyFile fileName is [<*>-<*>-<*>,<*>,<*>]-<*>, source path:<*>, dest path:<*>",Mac,Unseen,"CCFile::copyFile fileName is <*>-CCIOReporter-<*>.*, source path:<*>, dest path:<*>",1.7869873046875
<IMMacNotificationCenterManager: 0x7ff1b2d17980>:   DND Enabled: NO,<IMMacNotificationCenterManager: <*>: DND Enabled: NO,Mac,Unseen,<IMMacNotificationCenterManager: <*>:   DND Enabled: <*>,1.0010995864868164
<IMMacNotificationCenterManager: 0x7ff1b2e00ba0>:   DND Enabled: NO,<IMMacNotificationCenterManager: <*>: DND Enabled: NO,Mac,Unseen,<IMMacNotificationCenterManager: <*>: DND Enabled: NO,0.9544827938079834
__42-[NETClientConnection evaluateCrazyIvan46]_block_invoke CI46 - Hit by torpedo! QQ.10018 tc22930 125.39.240.34:14000,<*>-[NETClientConnection <*>]_block_invoke CI46 - Hit by torpedo! <*> <*> <*>:<*>,Mac,Unseen,<*> - Hit by torpedo! <*> tc<*> <*>:<*>,1.0548346042633057
"CCFile::copyFile fileName is [2017-07-05_14,04,19.163834]-AirPortBrcm4360_Logs-025.txt, source path:/var/log/CoreCapture/com.apple.driver.AirPort.Brcm4360.0/DriverLogs//[2017-07-05_14,04,19.163834]-AirPortBrcm4360_Logs-025.txt, dest path:/Library/Logs/CrashReporter/CoreCapture/com.apple.driver.AirPort.Brcm4360.0/[2017-07-05_14,04,19.222771]=AuthFail:sts:5_rsn:0/DriverLogs//[2017-07-05_14,04,19.163834]-AirPortBrcm4360_Logs-025.txt","CCFile::copyFile fileName is [<*>-<*>-<*>,<*>,<*>]-<*>, source path:<*>, dest path:<*>",Mac,Unseen,"CCFile::copyFile fileName is <*>-AirPortBrcm4360_Logs-*-txt, source path:/var/log/CoreCapture/com.apple.driver.AirPort.Brcm4360.0/DriverLogs//<*-*-*>-AirPortBrcm4360_Logs-*-txt, dest path:/Library/Logs/CrashReporter/CoreCapture/com.apple.driver.AirPort.Brcm4360.0/<*>-AuthFail:sts:<*>_rsn:<*>/DriverLogs//<*-*-*>-AirPortBrcm4360_Logs-*-txt",7.846168518066406
"CCFile::copyFile fileName is [2017-07-05_14,04,25.705173]-CCIOReporter-044.xml, source path:/var/log/CoreCapture/com.apple.iokit.IO80211Family/OneStats//[2017-07-05_14,04,25.705173]-CCIOReporter-044.xml, dest path:/Library/Logs/CrashReporter/CoreCapture/com.apple.iokit.IO80211Family/[2017-07-05_14,04,25.777317]=AuthFail:sts:5_rsn:0/OneStats//[2017-07-05_14,04,25.705173]-CCIOReporter-044.xml","CCFile::copyFile fileName is [<*>-<*>-<*>,<*>,<*>]-<*>, source path:<*>, dest path:<*>",Mac,Unseen,,7.825260162353516
"CCFile::copyFile fileName is [2017-07-05_14,04,32.840703]-io80211Family-056.pcapng, source path:/var/log/CoreCapture/com.apple.iokit.IO80211Family/IO80211AWDLPeerManager//[2017-07-05_14,04,32.840703]-io80211Family-056.pcapng, dest path:/Library/Logs/CrashReporter/CoreCapture/com.apple.iokit.IO80211Family/[2017-07-05_14,04,32.969558]=AuthFail:sts:5_rsn:0/IO80211AWDLPeerManager//[2017-07-05_14,04,32.840703]-io80211Family-056.pcapng","CCFile::copyFile fileName is [<*>-<*>-<*>,<*>,<*>]-<*>, source path:<*>, dest path:<*>",Mac,Unseen,"CCFile::copyFile fileName is <*>-io80211Family-<*>.<*>-io80211Family-<*>, source path:<*>, dest path:<*>",2.4575023651123047
"CCFile::copyFile fileName is [2017-07-05_14,04,33.660387]-io80211Family-063.pcapng, source path:/var/log/CoreCapture/com.apple.iokit.IO80211Family/IO80211AWDLPeerManager//[2017-07-05_14,04,33.660387]-io80211Family-063.pcapng, dest path:/Library/Logs/CrashReporter/CoreCapture/com.apple.iokit.IO80211Family/[2017-07-05_14,04,33.736169]=AuthFail:sts:5_rsn:0/IO80211AWDLPeerManager//[2017-07-05_14,04,33.660387]-io80211Family-063.pcapng","CCFile::copyFile fileName is [<*>-<*>-<*>,<*>,<*>]-<*>, source path:<*>, dest path:<*>",Mac,Unseen,CCFile::copyFile fileName is <*> source path:<*> dest path:<*>,1.2432870864868164
hibernate_rebuild completed - took 10042450943433 msecs,hibernate_rebuild completed - took <*> msecs,Mac,Unseen,hibernate_rebuild completed - took <*> msecs,0.8650712966918945
AppleActuatorDevice::stop Entered,AppleActuatorDevice::stop Entered,Mac,Unseen,AppleActuatorDevice::stop Entered,0.6204450130462646
"NETWORK: requery, 0, 0, 0, 0, 252, items, fQueryRetries, 0, fLastRetryTimestamp, 520989480.3","NETWORK: requery, <*>, <*>, <*>, <*>, <*>, items, fQueryRetries, <*>, fLastRetryTimestamp, <*>",Mac,Unseen,"NETWORK: requery, <*>",0.5862984657287598
KeychainGetICDPStatus: status: off,KeychainGetICDPStatus: status: off,Mac,Unseen,KeychainGetICDPStatus: status: off,0.8135390281677246
Location icon should now be in state 'Active',Location icon should now be in state 'Active',Mac,Unseen,Location icon should now be in state '<*>',0.8131294250488281
"ARPT: 728173.580097: wl0: setup_keepalive: interval 900, retry_interval 30, retry_count 10","ARPT: <*>: wl0: setup_keepalive: interval <*>, retry_interval <*>, retry_count <*>",Mac,Unseen,"ARPT: <*>: wl0: setup_keepalive: interval <*>, retry_interval <*>, retry_count <*>",1.5607261657714844
[17:22:36.133] <<<< CRABS >>>> crabsFlumeHostAvailable: [0x7f961cf08cf0] Byte flume reports host available again.,[<*>:<*>:<*>] <<<< CRABS >>>> crabsFlumeHostAvailable: [<*>] Byte flume reports host available again.,Mac,Unseen,[<*>:<*>:<*>] <<<< CRABS >>>> crabsFlumeHostAvailable: [<*>] Byte flume reports host available again.,2.251084327697754
"PBRequester failed with Error Error Domain=NSURLErrorDomain Code=-1009 ""The Internet connection appears to be offline."" UserInfo={NSUnderlyingError=0x7fe13530fc60 {Error Domain=kCFErrorDomainCFNetwork Code=-1009 ""The Internet connection appears to be offline."" UserInfo={NSErrorFailingURLStringKey=https://gsp-ssl.ls.apple.com/dispatcher.arpc, NSErrorFailingURLKey=https://gsp-ssl.ls.apple.com/dispatcher.arpc, _kCFStreamErrorCodeKey=8, _kCFStreamErrorDomainKey=12, NSLocalizedDescription=The Internet connection appears to be offline.}}, NSErrorFailingURLStringKey=https://gsp-ssl.ls.apple.com/dispatcher.arpc, NSErrorFailingURLKey=https://gsp-ssl.ls.apple.com/dispatcher.arpc, _kCFStreamErrorDomainKey=12, _kCFStreamErrorCodeKey=8, NSLocalizedDescription=The Internet connection appears to be offline.}","PBRequester failed with Error Error Domain=NSURLErrorDomain Code=<*> ""The Internet connection appears to be offline."" UserInfo={NSUnderlyingError=<*> {Error Domain=kCFErrorDomainCFNetwork Code=<*> ""The Internet connection appears to be offline."" UserInfo={NSErrorFailingURLStringKey=<*>, NSErrorFailingURLKey=<*>, _kCFStreamErrorCodeKey=<*>, _kCFStreamErrorDomainKey=<*>, NSLocalizedDescription=The Internet connection appears to be offline.}}, NSErrorFailingURLStringKey=<*>, NSErrorFailingURLKey=<*>, _kCFStreamErrorDomainKey=<*>, _kCFStreamErrorCodeKey=<*>, NSLocalizedDescription=The Internet connection appears to be offline.}",Mac,Unseen,,7.8533477783203125
"Unexpected payload found for message 9, dataLen 0","Unexpected payload found for message <*>, dataLen <*>",Mac,Unseen,Unexpected payload found for message <*>,0.5517292022705078
"ARPT: 728563.210777: IOPMPowerSource Information: onSleep,  SleepType: Normal Sleep,  'ExternalConnected': No, 'TimeRemaining': 3174,","ARPT: <*>: IOPMPowerSource Information: onSleep, SleepType: Normal Sleep, 'ExternalConnected': No, 'TimeRemaining': <*>,",Mac,Unseen,"ARPT: <*>: IOPMPowerSource Information: onSleep,  SleepType: Normal Sleep,  'ExternalConnected': No, 'TimeRemaining': <*>,",2.400660991668701
"ARPT: 728620.515604: wl0: MDNS: 0 SRV Recs, 0 TXT Recs","ARPT: <*>: wl0: MDNS: <*> SRV Recs, <*> TXT Recs",Mac,Unseen,"ARPT: <*>: wl0: MDNS: <*> SRV Recs, <*> TXT Recs",1.5176069736480713
"booter start at 1251 ms smc 0 ms, [18, 0, 0] total 367 ms, dsply 0, 0 ms, tramp 1080 ms","booter start at <*> ms smc <*> ms, [<*>, <*>, <*>] total <*> ms, dsply <*>, <*> ms, tramp <*> ms",Mac,Unseen,"booter start at <*> ms smc <*> ms, [18, <*> ms, <*> ms] total <*> ms, dsply <*> ms, <*> ms, tramp <*> ms",2.5026776790618896
"hibernate_newruntime_map time: 0 ms, IOPolledFilePollersOpen(), ml_get_interrupts_enabled 0","hibernate_newruntime_map time: <*> ms, IOPolledFilePollersOpen(), ml_get_interrupts_enabled <*>",Mac,Unseen,"hibernate_newruntime_map time: <*>, IOPolledFilePollersOpen(), ml_get_interrupts_enabled <*>",1.8096232414245605
Wake reason: ARPT (Network),Wake reason: ARPT (Network),Mac,Unseen,Wake reason: ARPT (Network),0.6848132610321045
"NETWORK: requery, 0, 0, 0, 0, 299, items, fQueryRetries, 0, fLastRetryTimestamp, 521006902.2","NETWORK: requery, <*>, <*>, <*>, <*>, <*>, items, fQueryRetries, <*>, fLastRetryTimestamp, <*>",Mac,Unseen,"NETWORK: requery, <*>, <*>, <*>, <*>, <*>, items, fQueryRetries, <*>, fLastRetryTimestamp, <*>",2.099144458770752
"polled file major 1, minor 0, blocksize 4096, pollers 5","polled file major <*>, minor <*>, blocksize <*>, pollers <*>",Mac,Unseen,"polled file major <*>, minor <*>, blocksize <*>, pollers <*>",1.1914398670196533
BuildActDeviceEntry enter,BuildActDeviceEntry enter,Mac,Unseen,BuildActDeviceEntry enter,0.48755979537963867
IOPolledFilePollersOpen(0) 6 ms,IOPolledFilePollersOpen(<*>) <*> ms,Mac,Unseen,IOPolledFilePollersOpen(<*>) <*> ms,0.9864182472229004
"polled file major 1, minor 0, blocksize 4096, pollers 5","polled file major <*>, minor <*>, blocksize <*>, pollers <*>",Mac,Unseen,"polled file major <*>, minor <*>, blocksize <*>, pollers <*>",1.1798582077026367
AppleActuatorDeviceUserClient::stop Entered,AppleActuatorDeviceUserClient::stop Entered,Mac,Unseen,AppleActuatorDeviceUserClient::stop Entered,0.7459709644317627
"[CardDAVPlugin-ERROR] -getPrincipalInfo:[_controller supportsRequestCompressionAtURL:https://13957525385%40163.com@p28-contacts.icloud.com/874161398/principal/] Error Domain=NSURLErrorDomain Code=-1009 ""The Internet connection appears to be offline."" UserInfo={NSUnderlyingError=0x7f8de0c0dc70 {Error Domain=kCFErrorDomainCFNetwork Code=-1009 ""The Internet connection appears to be offline."" UserInfo={NSErrorFailingURLStringKey=https://13957525385%40163.com@p28-contacts.icloud.com/874161398/principal/, NSErrorFailingURLKey=https://13957525385%40163.com@p28-contacts.icloud.com/874161398/principal/, _kCFStreamErrorCodeKey=8, _kCFStreamErrorDomainKey=12, NSLocalizedDescription=The Internet connection appears to be offline.}}, NSErrorFailingURLStringKey=https://13957525385%40163.com@p28-contacts.icloud.com/874161398/principal/, NSErrorFailingURLKey=https://13957525385%40163.com@p28-contacts.icloud.com/874161398/principal/, _kCFStreamErrorDomainKey=12, _kCFStreamErrorCodeKey=8, NSLocalizedDescription=The Internet connection appears to be offline.}","[CardDAVPlugin-ERROR] -getPrincipalInfo:[_controller supportsRequestCompressionAtURL:<*>] Error Domain=NSURLErrorDomain Code=<*> ""The Internet connection appears to be offline."" UserInfo={NSUnderlyingError=<*> {Error Domain=kCFErrorDomainCFNetwork Code=<*> ""The Internet connection appears to be offline."" UserInfo={NSErrorFailingURLStringKey=<*>, NSErrorFailingURLKey=<*>, _kCFStreamErrorCodeKey=<*>, _kCFStreamErrorDomainKey=<*>, NSLocalizedDescription=The Internet connection appears to be offline.}}, NSErrorFailingURLStringKey=<*>, NSErrorFailingURLKey=<*>, _kCFStreamErrorDomainKey=<*>, _kCFStreamErrorCodeKey=<*>, NSLocalizedDescription=The Internet connection appears to be offline.}",Mac,Unseen,,7.912874937057495
Unable to start NetBIOS name service:,Unable to start NetBIOS name service:,Mac,Unseen,Unable to start NetBIOS name service:,0.7513082027435303
"[Accounts] Failed to update account with identifier 76FE6715-3D27-4F21-AA35-C88C1EA820E8, error: Error Domain=ABAddressBookErrorDomain Code=1002 ""(null)""","[Accounts] Failed to update account with identifier <*>-<*>-<*>-<*>-<*>, error: Error Domain=ABAddressBookErrorDomain Code=<*> ""(<*>)""",Mac,Unseen,"[Accounts] Failed to update account with identifier <*> error: Error Domain=ABAddressBookErrorDomain Code=1002 ""<*>""",1.9147498607635498
"NETWORK: requery, 0, 0, 0, 0, 302, items, fQueryRetries, 0, fLastRetryTimestamp, 521048292.6","NETWORK: requery, <*>, <*>, <*>, <*>, <*>, items, fQueryRetries, <*>, fLastRetryTimestamp, <*>",Mac,Unseen,"NETWORK: requery, <*>, <*>, <*>, <*>, <*>, items, fQueryRetries, <*>, fLastRetryTimestamp, <*>",2.077054500579834
"NETWORK: requery, 0, 0, 0, 0, 291, items, fQueryRetries, 0, fLastRetryTimestamp, 521048893.3","NETWORK: requery, <*>, <*>, <*>, <*>, <*>, items, fQueryRetries, <*>, fLastRetryTimestamp, <*>",Mac,Unseen,"NETWORK: requery, <*>",0.5544774532318115
2017-07-06 09:24:14.417 ksfetch[36728/0x7fff79824000] [lvl=2] main() ksfetch fetching URL (<NSMutableURLRequest: 0x100602220> { URL: https://tools.google.com/service/update2?cup2hreq=f5e83ec64ff3fc5533a3c206134a6517e274f9e1cb53df857e15049b6e4c9f8e&cup2key=7:1721929288 }) to folder:/tmp/KSOutOfProcessFetcher.aPWod5QMh1/download,<*>-<*>-<*> <*>:<*>:<*> ksfetch[<*>/<*>] [lvl=<*>] main() ksfetch fetching URL (<NSMutableURLRequest: <*> { URL: <*> }) to folder:<*>,Mac,Unseen,<*>-<*>-<*> <*>:<*>:<*> ksfetch[<*>/<*>] [lvl=<*>] main() ksfetch fetching URL (<NSMutableURLRequest: <*>> { URL: <*>}) to folder:<*>/<*>/<*>,3.494774580001831
Location icon should now be in state 'Active',Location icon should now be in state 'Active',Mac,Unseen,Location icon should now be in state 'Active',0.8096387386322021
ARPT: 739157.867474: wlc_dump_aggfifo:,ARPT: <*>: wlc_dump_aggfifo:,Mac,Unseen,ARPT: <*>: wlc_dump_aggfifo:,0.8687176704406738
__42-[NETClientConnection evaluateCrazyIvan46]_block_invoke CI46 - Hit by torpedo! QQ.10018 tc24039 112.90.78.169:8080,<*>-[NETClientConnection <*>]_block_invoke CI46 - Hit by torpedo! <*> <*> <*>:<*>,Mac,Unseen,__<*>-[NETClientConnection evaluateCrazyIvan46]_block_invoke CI46 - Hit by torpedo! QQ.<*> tc24039 <*>:<*>,2.274044990539551
ARPT: 739253.582611: wlc_dump_aggfifo:,ARPT: <*>: wlc_dump_aggfifo:,Mac,Unseen,ARPT: <*>: wlc_dump_aggfifo:,0.8741838932037354
"ARPT: 740034.911245: wl0: setup_keepalive: interval 900, retry_interval 30, retry_count 10","ARPT: <*>: wl0: setup_keepalive: interval <*>, retry_interval <*>, retry_count <*>",Mac,Unseen,"ARPT: <*>: wl0: setup_keepalive: interval <*>, retry_interval <*>, retry_count <*>",1.5820469856262207
"2017-07-06 14:57:16.661 GoogleSoftwareUpdateAgent[37059/0x7000002a0000] [lvl=2] -[KSOutOfProcessFetcher(PrivateMethods) helperDidTerminate:] KSOutOfProcessFetcher fetch ended for URL: ""https://tools.google.com/service/update2?cup2hreq=37fbcb7ab6829be04567976e3212d7a67627aef11546f8b7013d4cffaf51f739&cup2key=7:4200177539""","<*>-<*>-<*> <*>:<*>:<*> GoogleSoftwareUpdateAgent[<*>/<*>] [lvl=<*>] -[KSOutOfProcessFetcher(PrivateMethods) helperDidTerminate:] KSOutOfProcessFetcher fetch ended for URL: ""<*>""",Mac,Unseen,"<*>-<*>-<*> <*>:<*>:<*> GoogleSoftwareUpdateAgent[<*>/<*>] [lvl=<*>] -[KSOutOfProcessFetcher(PrivateMethods) helperDidTerminate:] KSOutOfProcessFetcher fetch ended for URL: ""<*>?cup2hreq=<*>&cup2key=<*>",4.426829099655151
"ARPT: 740174.102665: wl0: MDNS: 0 SRV Recs, 0 TXT Recs","ARPT: <*>: wl0: MDNS: <*> SRV Recs, <*> TXT Recs",Mac,Unseen,"ARPT: <*>: wl0: MDNS: <*> SRV Recs, <*> TXT Recs",1.5473754405975342
AppleCamIn::wakeEventHandlerThread,AppleCamIn::wakeEventHandlerThread,Mac,Unseen,AppleCamIn::wakeEventHandlerThread,0.6180884838104248
RTC: PowerByCalendarDate setting ignored,RTC: PowerByCalendarDate setting ignored,Mac,Unseen,RTC: PowerByCalendarDate setting ignored,0.6846320629119873
__42-[NETClientConnection evaluateCrazyIvan46]_block_invoke CI46 - Hit by torpedo! QQ.10018 tc24283 119.81.102.227:80,<*>-[NETClientConnection <*>]_block_invoke CI46 - Hit by torpedo! <*> <*> <*>:<*>,Mac,Unseen,__<*>-[NETClientConnection evaluateCrazyIvan<*>]_block_invoke CI<*> - Hit by torpedo! QQ.<*> tc<*> <*>:<*>,2.4866409301757812
"NETWORK: requery, 0, 0, 0, 0, 302, items, fQueryRetries, 0, fLastRetryTimestamp, 521080983.6","NETWORK: requery, <*>, <*>, <*>, <*>, <*>, items, fQueryRetries, <*>, fLastRetryTimestamp, <*>",Mac,Unseen,"NETWORK: requery, <*>, <*>, <*>, <*>, <*>, items, fQueryRetries, <*>, fLastRetryTimestamp, <*>",2.103167772293091
"NETWORK: requery, 0, 0, 0, 0, 300, items, fQueryRetries, 0, fLastRetryTimestamp, 521081581.2","NETWORK: requery, <*>, <*>, <*>, <*>, <*>, items, fQueryRetries, <*>, fLastRetryTimestamp, <*>",Mac,Unseen,"NETWORK: requery, <*>, <*>, <*>, <*>, <*>, items, fQueryRetries, <*>, <*>, <*>",1.8963191509246826
Sandbox: com.apple.WebKit(9854) deny(1) file-read-data /private/etc/hosts,Sandbox: <*>(<*>) deny(<*>) file-read-data <*>,Mac,Unseen,Sandbox: com.apple.WebKit(<*>) deny(<*>) file-read-data <*>,1.309835433959961
2017-07-06 06:22:57.163367 PM [AirPlayUIAgent] BecomingInactive: NSWorkspaceWillSleepNotification,<*>-<*>-<*> <*>:<*>:<*> PM [AirPlayUIAgent] BecomingInactive: NSWorkspaceWillSleepNotification,Mac,Unseen,<*>-<*>-<*> <*>:<*>:<*> [AirPlayUIAgent] BecomingInactive: NSWorkspaceWillSleepNotification,1.9693174362182617
full wake request (reason 2) 30914 ms,full wake request (reason <*>) <*> ms,Mac,Unseen,full wake request (reason <*>) <*> ms,0.7604060173034668
Wake reason: RTC (Alarm),Wake reason: RTC (Alarm),Mac,Unseen,Wake reason: RTC (Alarm),0.6126163005828857
RTC: PowerByCalendarDate setting ignored,RTC: PowerByCalendarDate setting ignored,Mac,Unseen,RTC: PowerByCalendarDate setting ignored,0.6865122318267822
"SOSAccountThisDeviceCanSyncWithCircle sync with device failure: Error Domain=com.apple.security.sos.error Code=1035 ""Account identity not set"" UserInfo={NSDescription=Account identity not set}","SOSAccountThisDeviceCanSyncWithCircle sync with device failure: Error Domain=com.apple.security.sos.error Code=<*> ""Account identity not set"" UserInfo={NSDescription=Account identity not set}",Mac,Unseen,"SOSAccountThisDeviceCanSyncWithCircle sync with device failure: Error Domain=com.apple.security.sos.error Code=<*> ""Account identity not set"" UserInfo={NSDescription=Account identity not set}",2.8088221549987793
KeychainGetICDPStatus: status: off,KeychainGetICDPStatus: status: off,Mac,Unseen,KeychainGetICDPStatus: status: off,0.8107788562774658
Location icon should now be in state 'Active',Location icon should now be in state 'Active',Mac,Unseen,Location icon should now be in state 'Active',0.8087036609649658
"2017-07-06 20:46:03.869 GoogleSoftwareUpdateAgent[37316/0x7000002a0000] [lvl=2] -[KSOutOfProcessFetcher beginFetchWithDelegate:] KSOutOfProcessFetcher start fetch from URL: ""https://tools.google.com/service/update2?cup2hreq=5e15fbe422c816bef7c133cfffdb516e16923579b9be2dfae4d7d8d211b25017&cup2key=7:780377214""","<*>-<*>-<*> <*>:<*>:<*> GoogleSoftwareUpdateAgent[<*>/<*>] [lvl=<*>] -[KSOutOfProcessFetcher beginFetchWithDelegate:] KSOutOfProcessFetcher start fetch from URL: ""<*>""",Mac,Unseen,"<*>-<*>-<*> <*>:<*>:<*> GoogleSoftwareUpdateAgent[<*>/<*>] [lvl=<*>] -[KSOutOfProcessFetcher beginFetchWithDelegate:] KSOutOfProcessFetcher start fetch from URL: ""<*>?cup2hreq=<*>&cup2key=<*>:*>",4.39604115486145
"NETWORK: requery, 0, 0, 0, 0, 291, items, fQueryRetries, 0, fLastRetryTimestamp, 521092126.3","NETWORK: requery, <*>, <*>, <*>, <*>, <*>, items, fQueryRetries, <*>, fLastRetryTimestamp, <*>",Mac,Unseen,"NETWORK: requery, <*>",0.5543560981750488
"Page bounds {{0, 0}, {400, 400}}","Page bounds {{<*>, <*>}, {<*>, <*>}}",Mac,Unseen,"Page bounds {{<*>, <*>}, {<*>, <*>}}",1.0712792873382568
[com.apple.calendar.store.log.caldav.queue] [Account xpc_ben@163.com@https://caldav.163.com/caldav/principals/users/xpc_ben%40163.com/ timed out when executing operation: <CalDAVAccountRefreshQueueableOperation: 0x7fa11f9f2290; Sequence: 0>],[com.apple.calendar.store.log.caldav.queue] [Account <*> timed out when executing operation: <CalDAVAccountRefreshQueueableOperation: <*>; Sequence: <*>],Mac,Unseen,[<*>] [<*>] [<*>] [<*>] timed out when executing operation: <*>,1.4675304889678955
"[com.apple.calendar.store.log.caldav.queue] [Account refresh failed with error: Error Domain=CoreDAVHTTPStatusErrorDomain Code=502 ""(null)"" UserInfo={AccountName=163, CalDAVErrFromRefresh=YES, CoreDAVHTTPHeaders=<CFBasicHash 0x7fa11fe7a810 [0x7fff7abc1440]>{type = immutable dict, count = 5, entries => 0 : Connection = <CFString 0x7fff7ab1aea0 [0x7fff7abc1440]>{contents = ""keep-alive""} 3 : Content-Type = text/html 4 : Content-Length = 166 5 : Server = nginx 6 : Date = <CFString 0x7fa11ac2ab80 [0x7fff7abc1440]>{contents = ""Fri, 07 Jul 2017 05:32:43 GMT""} } }]","[com.apple.calendar.store.log.caldav.queue] [Account refresh failed with error: Error Domain=CoreDAVHTTPStatusErrorDomain Code=<*> ""(<*>)"" UserInfo={AccountName=<*>, CalDAVErrFromRefresh=YES, CoreDAVHTTPHeaders=<CFBasicHash <*> [<*>]>{type = immutable dict, count = <*>, entries => <*> : Connection = <CFString <*> [<*>]>{contents = ""keep-alive""} <*> : Content-Type = text/html <*> : Content-Length = <*> <*> : Server = nginx <*> : Date = <CFString <*> [<*>]>{contents = ""<*> <*> <*>:<*>:<*> GMT""} } }]",Mac,Unseen,,7.869140148162842
"Page bounds {{0, 0}, {400, 400}}","Page bounds {{<*>, <*>}, {<*>, <*>}}",Mac,Unseen,"Page bounds {{<*>}, {<*>}}",0.8105885982513428
tcp_connection_destination_handle_tls_close_notify 111 closing socket due to TLS CLOSE_NOTIFY alert,tcp_connection_destination_handle_tls_close_notify <*> closing socket due to TLS CLOSE_NOTIFY alert,Mac,Unseen,tcp_connection_destination_handle_tls_close_notify <*> closing socket due to TLS CLOSE_NOTIFY alert,1.1908185482025146
"CCFile::copyFile fileName is [2017-07-07_00,52,55.450817]-CCIOReporter-001.xml, source path:/var/log/CoreCapture/com.apple.iokit.IO80211Family/OneStats//[2017-07-07_00,52,55.450817]-CCIOReporter-001.xml, dest path:/Library/Logs/CrashReporter/CoreCapture/com.apple.iokit.IO80211Family/[2017-07-07_00,52,54.449889]=AuthFail:sts:5_rsn:0/OneStats//[2017-07-07_00,52,55.450817]-CCIOReporter-001.xml","CCFile::copyFile fileName is [<*>-<*>-<*>,<*>,<*>]-<*>, source path:<*>, dest path:<*>",Mac,Unseen,"CCFile::copyFile fileName is <*>-CCIOReporter-<*>, source path:<*>, dest path:<*>",1.7338523864746094
"2017-07-07 01:47:40.090 GoogleSoftwareUpdateAgent[37644/0x7000002a0000] [lvl=2] -[KSOutOfProcessFetcher beginFetchWithDelegate:] KSOutOfProcessFetcher start fetch from URL: ""https://tools.google.com/service/update2?cup2hreq=c30943ccd5e0a03e93b6be3e2b7e2127989f08f1bde99263ffee091de8b8bc39&cup2key=7:1039900771""","<*>-<*>-<*> <*>:<*>:<*> GoogleSoftwareUpdateAgent[<*>/<*>] [lvl=<*>] -[KSOutOfProcessFetcher beginFetchWithDelegate:] KSOutOfProcessFetcher start fetch from URL: ""<*>""",Mac,Unseen,,7.8392229080200195
RTC: PowerByCalendarDate setting ignored,RTC: PowerByCalendarDate setting ignored,Mac,Unseen,RTC: PowerByCalendarDate setting ignored,0.6811230182647705
AppleCamIn::wakeEventHandlerThread,AppleCamIn::wakeEventHandlerThread,Mac,Unseen,AppleCamIn::wakeEventHandlerThread,0.6151440143585205
AppleCamIn::wakeEventHandlerThread,AppleCamIn::wakeEventHandlerThread,Mac,Unseen,AppleCamIn::wakeEventHandlerThread,0.6163132190704346
Location icon should now be in state 'Active',Location icon should now be in state 'Active',Mac,Unseen,Location icon should now be in state 'Active',0.8132801055908203
AppleCamIn::wakeEventHandlerThread,AppleCamIn::wakeEventHandlerThread,Mac,Unseen,AppleCamIn::wakeEventHandlerThread,0.6171479225158691
"CCDataTap::profileRemoved, Owner: com.apple.driver.AirPort.Brcm4360.0, Name: StateSnapshots","CCDataTap::profileRemoved, Owner: <*>, Name: <*>",Mac,Unseen,"CCDataTap::profileRemoved, Owner: <*>, Name: StateSnapshots",1.2035272121429443
RTC: PowerByCalendarDate setting ignored,RTC: PowerByCalendarDate setting ignored,Mac,Unseen,RTC: PowerByCalendarDate setting ignored,0.6790425777435303
Could not get event name for stream/token: com.apple.xpc.activity/4505: 132: Request for stale data,Could not get event name for stream/token: com.apple.xpc.activity/<*>: <*>: Request for stale data,Mac,Unseen,Could not get event name for stream/token: com.apple.xpc.activity/<*>: <*>: Request for stale data,1.656963586807251
"NETWORK: requery, 0, 0, 0, 0, 294, items, fQueryRetries, 0, fLastRetryTimestamp, 521144227.4","NETWORK: requery, <*>, <*>, <*>, <*>, <*>, items, fQueryRetries, <*>, fLastRetryTimestamp, <*>",Mac,Unseen,"NETWORK: requery, <*>",0.5538756847381592
Error in CoreDragRemoveTrackingHandler: -1856,Error in CoreDragRemoveTrackingHandler: <*>,Mac,Unseen,Error in CoreDragRemoveTrackingHandler: <*>,0.7440488338470459
Location icon should now be in state 'Active',Location icon should now be in state 'Active',Mac,Unseen,Location icon should now be in state '<*>,0.7592453956604004
Location icon should now be in state 'Active',Location icon should now be in state 'Active',Mac,Unseen,Location icon should now be in state 'Active',0.8065006732940674
"CCFile::copyFile fileName is [2017-07-07_12,24,25.108710]-io80211Family-007.pcapng, source path:/var/log/CoreCapture/com.apple.iokit.IO80211Family/IO80211AWDLPeerManager//[2017-07-07_12,24,25.108710]-io80211Family-007.pcapng, dest path:/Library/Logs/CrashReporter/CoreCapture/com.apple.iokit.IO80211Family/[2017-07-07_12,24,29.298901]=AuthFail:sts:5_rsn:0/IO80211AWDLPeerManager//[2017-07-07_12,24,25.108710]-io80211Family-007.pcapng","CCFile::copyFile fileName is [<*>-<*>-<*>,<*>,<*>]-<*>, source path:<*>, dest path:<*>",Mac,Unseen,"CCFile::copyFile fileName is <*>-io80211Family-<*>.pcapng, source path:<*>-io80211Family-<*>.pcapng, dest path:<*>-io80211Family/<*>=AuthFail:sts:<*>_rsn:<*>/IO80211AWDLPeerManager/<*>-io80211Family-<*>.pcapng",5.54783821105957
"CCFile::copyFile fileName is [2017-07-07_13,40,37.052249]-io80211Family-031.pcapng, source path:/var/log/CoreCapture/com.apple.iokit.IO80211Family/IO80211AWDLPeerManager//[2017-07-07_13,40,37.052249]-io80211Family-031.pcapng, dest path:/Library/Logs/CrashReporter/CoreCapture/com.apple.iokit.IO80211Family/[2017-07-07_13,40,37.192896]=AuthFail:sts:5_rsn:0/IO80211AWDLPeerManager//[2017-07-07_13,40,37.052249]-io80211Family-031.pcapng","CCFile::copyFile fileName is [<*>-<*>-<*>,<*>,<*>]-<*>, source path:<*>, dest path:<*>",Mac,Unseen,"CCFile::copyFile fileName is [<*>], source path:<*>, dest path:<*>",1.4200963973999023
Captive: CNPluginHandler en0: Authenticated,Captive: CNPluginHandler en0: Authenticated,Mac,Unseen,Captive: CNPluginHandler en0: Authenticated,0.8751790523529053
ARPT: 770802.879782: wlc_dump_aggfifo:,ARPT: <*>: wlc_dump_aggfifo:,Mac,Unseen,ARPT: <*>: wlc_dump_aggfifo:,0.8766238689422607
"ARPT: 771388.849884: wl0: setup_keepalive: interval 900, retry_interval 30, retry_count 10","ARPT: <*>: wl0: setup_keepalive: interval <*>, retry_interval <*>, retry_count <*>",Mac,Unseen,"ARPT: <*>: wl0: setup_keepalive: interval <*>, retry_interval <*>, retry_count <*>",1.581885814666748
"ARPT: 771631.938256: IOPMPowerSource Information: onSleep,  SleepType: Normal Sleep,  'ExternalConnected': No, 'TimeRemaining': 9235,","ARPT: <*>: IOPMPowerSource Information: onSleep, SleepType: Normal Sleep, 'ExternalConnected': No, 'TimeRemaining': <*>,",Mac,Unseen,"ARPT: <*>: IOPMPowerSource Information: onSleep, SleepType: Normal Sleep, 'ExternalConnected': No, 'TimeRemaining': <*>",2.2246155738830566
AppleCamIn::wakeEventHandlerThread,AppleCamIn::wakeEventHandlerThread,Mac,Unseen,AppleCamIn::wakeEventHandlerThread,0.6216318607330322
Unable to start NetBIOS name service:,Unable to start NetBIOS name service:,Mac,Unseen,Unable to start NetBIOS name service:,0.7423441410064697
"PBRequester failed with Error Error Domain=NSURLErrorDomain Code=-1009 ""The Internet connection appears to be offline."" UserInfo={NSUnderlyingError=0x7fb7f0035dc0 {Error Domain=kCFErrorDomainCFNetwork Code=-1009 ""The Internet connection appears to be offline."" UserInfo={NSErrorFailingURLStringKey=https://gs-loc.apple.com/clls/wloc, NSErrorFailingURLKey=https://gs-loc.apple.com/clls/wloc, _kCFStreamErrorCodeKey=8, _kCFStreamErrorDomainKey=12, NSLocalizedDescription=The Internet connection appears to be offline.}}, NSErrorFailingURLStringKey=https://gs-loc.apple.com/clls/wloc, NSErrorFailingURLKey=https://gs-loc.apple.com/clls/wloc, _kCFStreamErrorDomainKey=12, _kCFStreamErrorCodeKey=8, NSLocalizedDescription=The Internet connection appears to be offline.}","PBRequester failed with Error Error Domain=NSURLErrorDomain Code=<*> ""The Internet connection appears to be offline."" UserInfo={NSUnderlyingError=<*> {Error Domain=kCFErrorDomainCFNetwork Code=<*> ""The Internet connection appears to be offline."" UserInfo={NSErrorFailingURLStringKey=<*>, NSErrorFailingURLKey=<*>, _kCFStreamErrorCodeKey=<*>, _kCFStreamErrorDomainKey=<*>, NSLocalizedDescription=The Internet connection appears to be offline.}}, NSErrorFailingURLStringKey=<*>, NSErrorFailingURLKey=<*>, _kCFStreamErrorDomainKey=<*>, _kCFStreamErrorCodeKey=<*>, NSLocalizedDescription=The Internet connection appears to be offline.}",Mac,Unseen,,7.861297369003296
"CCFile::copyFile fileName is [2017-07-07_16,24,11.442212]-AirPortBrcm4360_Logs-001.txt, source path:/var/log/CoreCapture/com.apple.driver.AirPort.Brcm4360.0/DriverLogs//[2017-07-07_16,24,11.442212]-AirPortBrcm4360_Logs-001.txt, dest path:/Library/Logs/CrashReporter/CoreCapture/com.apple.driver.AirPort.Brcm4360.0/[2017-07-07_16,24,11.124183]=AssocFail:sts:2_rsn:0/DriverLogs//[2017-07-07_16,24,11.442212]-AirPortBrcm4360_Logs-001.txt","CCFile::copyFile fileName is [<*>-<*>-<*>,<*>,<*>]-<*>, source path:<*>, dest path:<*>",Mac,Unseen,"CCFile::copyFile fileName is <*>-AirPortBrcm4360_Logs-001.txt, source path:<*>/<*>/<*>/<*>/<*>-AirPortBrcm4360_Logs-001.txt, dest path:<*>/<*>/<*>/<*>/<*>/<*>=<*>:sts:<*>_rsn:<*>/DriverLogs/<*>-AirPortBrcm4360_Logs-001.txt",6.054079532623291
"CCFile::captureLog Received Capture notice id: 1499469856.145137, reason = AssocFail:sts:2_rsn:0","CCFile::captureLog Received Capture notice id: <*>, reason = AssocFail:sts:<NUM>_rsn:<NUM>",Mac,Unseen,"CCFile::captureLog Received Capture notice id: <*>, reason = AssocFail:sts:<*>_rsn:<*>",1.771686315536499
KeychainGetICDPStatus: status: off,KeychainGetICDPStatus: status: off,Mac,Unseen,KeychainGetICDPStatus: status: off,0.7987754344940186
RTC: PowerByCalendarDate setting ignored,RTC: PowerByCalendarDate setting ignored,Mac,Unseen,RTC: PowerByCalendarDate setting ignored,0.6705121994018555
[com.apple.calendar.store.log.caldav.coredav] [Refusing to parse response to PROPPATCH because of content-type: [text/html; charset=UTF-8].],[com.apple.calendar.store.log.caldav.coredav] [Refusing to parse response to PROPPATCH because of content-type: [text/html; charset=UTF-<*>].],Mac,Unseen,[<*>] [Refusing to parse response to PROPPATCH because of content-type: [<*>].],1.635636568069458
"NETWORK: requery, 0, 0, 0, 0, 328, items, fQueryRetries, 0, fLastRetryTimestamp, 521177334.4","NETWORK: requery, <*>, <*>, <*>, <*>, <*>, items, fQueryRetries, <*>, fLastRetryTimestamp, <*>",Mac,Unseen,"NETWORK: requery, <*>, <*>, <*>, <*>, <*>, items, fQueryRetries, <*>, fLastRetryTimestamp, <*>",2.086143970489502
"NSURLSession/NSURLConnection HTTP load failed (kCFStreamErrorDomainSSL, -9806)","NSURLSession/NSURLConnection HTTP load failed (kCFStreamErrorDomainSSL, <*>)",Mac,Unseen,<*>,0.30573344230651855
"schedule invalidation <DYTransport 0x7f89e8c00520, error: lost transport connection (31)>","schedule invalidation <DYTransport <*>, error: lost transport connection (<*>)>",Mac,Unseen,schedule invalidation <*> error: lost transport connection <*>,0.8092496395111084
KeychainGetICDPStatus: status: off,KeychainGetICDPStatus: status: off,Mac,Unseen,KeychainGetICDPStatus: status: off,0.8065154552459717
<<<< MediaValidator >>>> mv_ValidateRFC4281CodecId: Unrecognized codec 1.(null). Failed codec specific check.,<<<< MediaValidator >>>> <*>: Unrecognized codec <*>.(<*>). Failed codec specific check.,Mac,Unseen,<<<< MediaValidator >>>> mv_ValidateRFC4281CodecId: Unrecognized codec <*>.(null). Failed codec specific check.,1.8333232402801514
"ARPT: 783991.995027: wl0: setup_keepalive: interval 900, retry_interval 30, retry_count 10","ARPT: <*>: wl0: setup_keepalive: interval <*>, retry_interval <*>, retry_count <*>",Mac,Unseen,"ARPT: <*>: wl0: setup_keepalive: interval <*>, retry_interval <*>, retry_count <*>",1.5772192478179932
"ARPT: 784055.560270: IOPMPowerSource Information: onSleep,  SleepType: Normal Sleep,  'ExternalConnected': No, 'TimeRemaining': 5600,","ARPT: <*>: IOPMPowerSource Information: onSleep, SleepType: Normal Sleep, 'ExternalConnected': No, 'TimeRemaining': <*>,",Mac,Unseen,"ARPT: <*>: IOPMPowerSource Information: onSleep, SleepType: Normal Sleep, 'ExternalConnected': No, 'TimeRemaining': <*>",2.2130589485168457
AppleThunderboltNHIType2::waitForOk2Go2Sx - intel_rp = 1 dlla_reporting_supported = 0,<*>::<*> - intel_rp = <*> dlla_reporting_supported = <*>,Mac,Unseen,AppleThunderboltNHIType2::waitForOk2Go2Sx - intel_rp = <*> dlla_reporting_supported = <*>,1.8413441181182861
ARPT: 784486.498066: wlc_dump_aggfifo:,ARPT: <*>: wlc_dump_aggfifo:,Mac,Unseen,ARPT: <*>: wlc_dump_aggfifo:,0.8804450035095215
**** [BroadcomBluetoothHostControllerUSBTransport][start] -- Completed (matched on Device) -- 0x3800 ****,**** [BroadcomBluetoothHostControllerUSBTransport][start] -- Completed (matched on Device) -- <*> ****,Mac,Unseen,**** [BroadcomBluetoothHostControllerUSBTransport][start] -- Completed (matched on Device) -- <*> ****,1.5864965915679932
"CCFile::copyFile fileName is [2017-07-08_02,32,47.528554]-CCIOReporter-003.xml, source path:/var/log/CoreCapture/com.apple.iokit.IO80211Family/OneStats//[2017-07-08_02,32,47.528554]-CCIOReporter-003.xml, dest path:/Library/Logs/CrashReporter/CoreCapture/com.apple.iokit.IO80211Family/[2017-07-08_02,32,46.517498]=AssocFail:sts:2_rsn:0/OneStats//[2017-07-08_02,32,47.528554]-CCIOReporter-003.xml","CCFile::copyFile fileName is [<*>-<*>-<*>,<*>,<*>]-<*>, source path:<*>, dest path:<*>",Mac,Unseen,,7.882956027984619
did discard act 12083 inact 17640 purgeable 20264 spec 28635 cleaned 0,did discard act <*> inact <*> purgeable <*> spec <*> cleaned <*>,Mac,Unseen,did discard act <*> inact <*> purgeable <*> spec <*> cleaned <*>,1.070218801498413
"CCDataTap::profileRemoved, Owner: com.apple.iokit.IO80211Family, Name: AssociationEventHistory","CCDataTap::profileRemoved, Owner: <*>, Name: <*>",Mac,Unseen,"CCDataTap::profileRemoved, Owner: <*>",0.8153543472290039
**** [BroadcomBluetoothHostControllerUSBTransport][start] -- Completed (matched on Device) -- 0x8800 ****,**** [BroadcomBluetoothHostControllerUSBTransport][start] -- Completed (matched on Device) -- <*> ****,Mac,Unseen,**** [BroadcomBluetoothHostControllerUSBTransport][start] -- Completed (matched on Device) -- <*> ****,1.577826738357544
Wake reason: ARPT (Network),Wake reason: ARPT (Network),Mac,Unseen,Wake reason: ARPT (Network),0.6825366020202637
Captive: CNPluginHandler en0: Authenticated,Captive: CNPluginHandler en0: Authenticated,Mac,Unseen,Captive: CNPluginHandler en0: Authenticated,0.8679141998291016
__42-[NETClientConnection evaluateCrazyIvan46]_block_invoke CI46 - Hit by torpedo! QQ.10018 tc25995 121.51.36.148:443,<*>-[NETClientConnection <*>]_block_invoke CI46 - Hit by torpedo! <*> <*> <*>:<*>,Mac,Unseen,__<*>-[NETClientConnection evaluateCrazyIvan46]_block_invoke CI46 - Hit by torpedo! <*> tc<*> <*>:<*>,2.168160915374756
hibernate_machine_init reading,hibernate_machine_init reading,Mac,Unseen,hibernate_machine_init reading,0.5498740673065186
vm_compressor_fastwake_warmup completed - took 12461 msecs,vm_compressor_fastwake_warmup completed - took <*> msecs,Mac,Unseen,vm_compressor_fastwake_warmup completed - took <*> msecs,1.0723097324371338
"CCFile::captureLog Received Capture notice id: 1499518522.558304, reason = AssocFail:sts:2_rsn:0","CCFile::captureLog Received Capture notice id: <*>, reason = AssocFail:sts:<NUM>_rsn:<NUM>",Mac,Unseen,"CCFile::captureLog Received Capture notice id: <*>, reason = AssocFail:sts:<*>_rsn:<*>",1.7813737392425537
"CCFile::copyFile fileName is [2017-07-08_05,55,23.694116]-io80211Family-002.pcapng, source path:/var/log/CoreCapture/com.apple.iokit.IO80211Family/IO80211AWDLPeerManager//[2017-07-08_05,55,23.694116]-io80211Family-002.pcapng, dest path:/Library/Logs/CrashReporter/CoreCapture/com.apple.iokit.IO80211Family/[2017-07-08_05,56,40.163377]=AssocFail:sts:2_rsn:0/IO80211AWDLPeerManager//[2017-07-08_05,55,23.694116]-io80211Family-002.pcapng","CCFile::copyFile fileName is [<*>-<*>-<*>,<*>,<*>]-<*>, source path:<*>, dest path:<*>",Mac,Unseen,"CCFile::copyFile fileName is <*>, source path:<*>, dest path:<*>",1.3495073318481445
Captive: CNPluginHandler en0: Authenticated,Captive: CNPluginHandler en0: Authenticated,Mac,Unseen,Captive: CNPluginHandler en0: Authenticated,0.8856663703918457
"Unable to simultaneously satisfy constraints: ( ""<NSAutoresizingMaskLayoutConstraint:0x7f9d574e5370 h=-&- v=-&- V:[NSScrollView:0x7f9d64abe480]-(11)-|   (Names: '|':NSView:0x7f9d6a9cc340 )>"", ""<NSAutoresizingMaskLayoutConstraint:0x7f9d7561a270 h=-&- v=-&- V:|-(45)-[NSScrollView:0x7f9d64abe480]   (Names: '|':NSView:0x7f9d6a9cc340 )>"", ""<NSAutoresizingMaskLayoutConstraint:0x7f9d6aa2cf10 h=-&- v=--& V:[NSView:0x7f9d53160e30(0)]>"", ""<NSAutoresizingMaskLayoutConstraint:0x7f9d75652870 h=-&- v=-&- V:|-(0)-[NSView:0x7f9d6a9cc340]   (Names: '|':NSView:0x7f9d53160e30 )>"", ""<NSAutoresizingMaskLayoutConstraint:0x7f9d77ef8f50 h=-&- v=-&- V:[NSView:0x7f9d6a9cc340]-(0)-|   (Names: '|':NSView:0x7f9d53160e30 )>"" )  Will attempt to recover by breaking constraint <NSAutoresizingMaskLayoutConstraint:0x7f9d7561a270 h=-&- v=-&- V:|-(45)-[NSScrollView:0x7f9d64abe480]   (Names: '|':NSView:0x7f9d6a9cc340 )>  Set the NSUserDefault NSConstraintBasedLayoutVisualizeMutuallyExclusiveConstraints to YES to have -[NSWindow visualizeConstraints:] automatically called when this happens.  And/or, break on objc_exception_throw to catch this in the debugger.","Unable to simultaneously satisfy constraints: ( ""<NSAutoresizingMaskLayoutConstraint:<*> h=-&- v=-&- V:[NSScrollView:<*>]-(<*>)-| (Names: '|':NSView:<*> )>"", ""<NSAutoresizingMaskLayoutConstraint:<*> h=-&- v=-&- V:|-(<*>)-[NSScrollView:<*>] (Names: '|':NSView:<*> )>"", ""<NSAutoresizingMaskLayoutConstraint:<*> h=-&- v=--& V:[NSView:<*>(<*>)]>"", ""<NSAutoresizingMaskLayoutConstraint:<*> h=-&- v=-&- V:|-(<*>)-[NSView:<*>] (Names: '|':NSView:<*> )>"", ""<NSAutoresizingMaskLayoutConstraint:<*> h=-&- v=-&- V:[NSView:<*>]-(<*>)-| (Names: '|':NSView:<*> )>"" ) Will attempt to recover by breaking constraint <NSAutoresizingMaskLayoutConstraint:<*> h=-&- v=-&- V:|-(<*>)-[NSScrollView:<*>] (Names: '|':NSView:<*> )> Set the NSUserDefault NSConstraintBasedLayoutVisualizeMutuallyExclusiveConstraints to YES to have -[NSWindow visualizeConstraints:] automatically called when this happens. And/or, break on objc_exception_throw to catch this in the debugger.",Mac,Unseen,,7.977756023406982
[com.apple.calendar.store.log.caldav.coredav] [Refusing to parse response to PROPPATCH because of content-type: [text/html; charset=UTF-8].],[com.apple.calendar.store.log.caldav.coredav] [Refusing to parse response to PROPPATCH because of content-type: [text/html; charset=UTF-<*>].],Mac,Unseen,[<*>] [Refusing to parse response to PROPPATCH because of content-type: [<*>].],1.6451449394226074
"SOSAccountThisDeviceCanSyncWithCircle sync with device failure: Error Domain=com.apple.security.sos.error Code=1035 ""Account identity not set"" UserInfo={NSDescription=Account identity not set}","SOSAccountThisDeviceCanSyncWithCircle sync with device failure: Error Domain=com.apple.security.sos.error Code=<*> ""Account identity not set"" UserInfo={NSDescription=Account identity not set}",Mac,Unseen,"SOSAccountThisDeviceCanSyncWithCircle sync with device failure: Error Domain=<*> Code=<*> ""Account identity not set"" UserInfo={NSDescription=Account identity not set}",2.5289125442504883
Wake reason: RTC (Alarm),Wake reason: RTC (Alarm),Mac,Unseen,Wake reason: RTC (Alarm),0.6201345920562744
AppleCamIn::wakeEventHandlerThread,AppleCamIn::wakeEventHandlerThread,Mac,Unseen,AppleCamIn::wakeEventHandlerThread,0.6204948425292969
